"Country Name","Country Code","Indicator Name","Indicator Code","1960","1961","1962","1963","1964","1965","1966","1967","1968","1969","1970","1971","1972","1973","1974","1975","1976","1977","1978","1979","1980","1981","1982","1983","1984","1985","1986","1987","1988","1989","1990","1991","1992","1993","1994","1995","1996","1997","1998","1999","2000","2001","2002","2003","2004","2005","2006","2007","2008","2009","2010","2011","2012","2013","2014","2015","2016","2017","2018","2019","2020","2021","2022","2023","2024","2025",
"Aruba","ABW","Households and NPISHs Final consumption expenditure (current US$)","NE.CON.PRVT.CD","","","","","","","","","","","","","","","","","","","","","","","","","","","","","","","","","","","","666480446.927374","737430167.597765","763687150.837989","837988826.815642","894972067.039106","925245810.055866","939815642.458101","1031575418.99441","1103932960.89385","1167139664.80447","1248526256.98324","1358681564.24581","1517919553.07263","1555139664.80447","1461899441.34078","1479029050.27933","1646307262.56983","1588415083.79888","1597425139.6648","1608830726.25698","1631228491.62011","1637759776.53631","1727741899.44134","1852174860.3352","1974305620.37851","1543657104.63475","1780009211.50227","1956135912.41873","1965468849.88961","2047496725.99231","",
"Africa Eastern and Southern","AFE","Households and NPISHs Final consumption expenditure (current US$)","NE.CON.PRVT.CD","","","","","","","","","","","","","","","","","","","","","","","98354714653.7351","106232234763.144","98513345311.0775","77765680070.3566","89489403241.7166","115459828856.89","126758079146.24","137258707747.329","170631255478.037","185727484628.98","157855498309.607","155012758363.873","166602889032.661","189654123226.449","185184450084.894","198639789495.472","189913471156.254","186157592569.003","199883871655.972","176682284778.401","172743554997.851","228121590056.225","283094064745.257","324378068501.382","356721290352.057","401646120979.21","421031954946.144","446912376010.09","528660820066.316","582515014549.394","609121184694.159","611141626792.876","638455849491.128","604237017411.451","550818036647.981","644392180947.998","673443617713.855","672095661214.428","621584818832.466","723186580906.037","810364221356.674","803153027392.427","858667217804.617","",
"Afghanistan","AFG","Households and NPISHs Final consumption expenditure (current US$)","NE.CON.PRVT.CD","466666655.555556","477777737.777778","466666655.555556","702222244.444444","762222182.222222","995555555.555556","1422222222.22222","1711111100","1371111151.11111","1386666666.66667","1691108966.66667","1826664357.77778","1544444495.55556","1637777771.11111","1984444462.22222","2173333413.33333","2248888957.77778","2680000057.77778","2942222153.33333","","","","","","","","","","","","","","","","","","","","","","","","","","","","","","","","","","","","","","","","","","18419990527.0292","12617004786.8703","14150977069.9198","16821368715.0838","","",
"Africa Western and Central","AFW","Households and NPISHs Final consumption expenditure (current US$)","NE.CON.PRVT.CD","","","","","","","","","","","","","","","","","","","","","","","","","","","","","","","","","","","","","","","","","","","","","","","","","","","","","","","","","","","","","","","","","","",
"Angola","AGO","Households and NPISHs Final consumption expenditure (current US$)","NE.CON.PRVT.CD","","","","","","","","","","","","","","","","","","","","","","","","","","","","","","","","","","","","","","","","","","","7166944741.1407","8672177077.27902","10938153580.5722","13491575514.274","17737724811.3981","22761240492.1867","29015394002.9843","30779262497.9937","33816330850.8518","42460010594.9819","49814336170.452","54585445523.5611","72797832178.8727","57482738441.3238","31610057368.5901","44764474893.9382","46444045569.6416","40957180575.6862","35371777205.2393","44561001779.5669","78312809842.097","69295536212.5492","67449750582.9818","",
"Albania","ALB","Households and NPISHs Final consumption expenditure (current US$)","NE.CON.PRVT.CD","","","","","","","","","","","","","","","","","","","","","916936810.526316","1027971993.00699","1118286771.56177","1125850769.23077","1169370641.02564","1182331048.95105","1309162500","1337825025","1370649987.5","1453374975","1271486850","1036054826.38889","1079374622.9967","1468051508.63442","1903197236.77457","2590114987.9986","2932856616.11211","2163669851.39741","2365737198.99444","2677386852.28096","2823803279.67891","3011758952.38758","3424070403.07452","4451236601.09938","5511574674.73649","6172929197.71687","6889507367.3152","8848582072.47423","10881597723.496","9877783483.18539","9201562654.49613","9974146860.95114","9465181951.2554","9877672544.72631","10411697979.7118","8904037018.65902","9321853593.24969","9980185465.6225","11453757777.3889","11773977449.948","11363042882.6507","12927979167.3107","13570171567.799","16433006826.9661","18800917501.4099","",
"Andorra","AND","Households and NPISHs Final consumption expenditure (current US$)","NE.CON.PRVT.CD","","","","","","","","","","","","","","","","","","","","","","","","","","","","","","","","","","","","","","","","","","","","","","","","","","","","","","","","","","","","","","","","","","",
"Arab World","ARB","Households and NPISHs Final consumption expenditure (current US$)","NE.CON.PRVT.CD","","","","","","","","","","","27195430268.5061","30027701702.4183","34491652832.0285","39580141149.355","50059234434.9627","67500284310.3534","79479088829.2106","105067890510.67","123556342086.106","151126135624.43","182303728789.399","200887185636.077","225630102124.252","234254471727.94","248305510155.687","252690463536.104","257287241635.748","267417205952.371","271925611138.986","309471931962.172","383641571302.426","293926315084.212","274260556088.283","300171548489.008","308164590213.699","319785197437.044","332837638317.017","352048404031.652","361454315086.879","368188333621.878","372333878852.819","374841505471.099","380077568663.964","404560588834.05","456415126613.361","512527304754.991","596985365214.084","722376118952.685","875897694831.626","891456460865.771","938486077771.036","1025287539347.66","1129666148517.48","1193455111256.39","1308754890254.37","1340481203327.46","1366044772223.81","1345722561874.29","1400066143822.18","1467664248097.37","1445360060783.47","1570404303327.91","1756684808310.13","1796462518037.95","1922918207092.73","",
"United Arab Emirates","ARE","Households and NPISHs Final consumption expenditure (current US$)","NE.CON.PRVT.CD","","","","","","","","","","","","","","","","","","","","","","","","","","","","","","","","","","","","","","","","","","61087656609.9387","67397163131.3819","72834474935.3302","89820739523.4854","101764918093.941","124444700830.497","155001863144.997","184183067283.867","132573846752.893","122407896528.251","134648876786.93","120397549353.302","131033083730.429","148412525527.57","153562695711.368","154727842069.435","159662627637.849","161715997277.059","163818924438.393","161847243022.464","169662083049.694","211979305650.102","234510006807.352","","",
"Argentina","ARG","Households and NPISHs Final consumption expenditure (current US$)","NE.CON.PRVT.CD","10971947544.9722","12544604902.1899","12296149665.2146","13112305455.0693","17583550655.2055","19106470077.1627","19179524090.076","16142121567.5792","17818286029.1255","20788000652.075","20514474652.8526","22087199393.1043","23061625752.1497","34502333869.7978","46339887781.9045","30479729907.7781","28960251673.5518","32792999467.2985","51774050190.4136","43597131261.72","","","","","","","","82079530289.24","93541303183.5763","56331844057.5084","109038551074.778","152618772836.917","187270475206.987","163839382682.683","180006952200","176908603000","186487153500","203028516700","206433800000","198869454200","197044177500","185164262200","60489618364.2844","80632168516.4444","105926917928.179","125262782955.786","147139416222.713","179796371906.655","228051225933.264","209702422221.036","272113324478.662","340469249246.984","354361120355.997","364267951166.433","344124011884.784","391974496653.948","366420786669.083","429554843450.409","364593335904.847","296089364842.806","253449670108.806","306307486891.723","417983515859.788","426275460474.42","425693408431.585","",
"Armenia","ARM","Households and NPISHs Final consumption expenditure (current US$)","NE.CON.PRVT.CD","","","","","","","","","","","","","","","","","","","","","","","","","","","","","","","1097254620.49166","1185714285.71429","1198276569.55273","1121936494.37562","1240030765.42349","1558290760.34776","1601937010.91682","1692914798.20628","1891036669.97027","1772487197.69745","1952969829.07219","2084836594.24206","2226637132.64149","2459315444.82264","3103200112.4754","3892154528.39411","4852783637.31866","6937583994.45817","8780604857.87141","7311605577.1418","7987634132.03142","8925576181.58875","9119854488.89524","9652152750.77837","9931611837.78154","8222722298.85515","8047087721.00397","9225424401.06146","9941547464.7445","11351501702.9135","9523700673.8972","9895300236.21891","13036032088.5074","16050194404.8104","17732059939.3986","",
"American Samoa","ASM","Households and NPISHs Final consumption expenditure (current US$)","NE.CON.PRVT.CD","","","","","","","","","","","","","","","","","","","","","","","","","","","","","","","","","","","","","","","","","","","312000000","332000000","357000000","367000000","375000000","384000000","407000000","398000000","401000000","411000000","420000000","446000000","463000000","460000000","463000000","471000000","487000000","509000000","533000000","602000000","621000000","","","",
"Antigua and Barbuda","ATG","Households and NPISHs Final consumption expenditure (current US$)","NE.CON.PRVT.CD","","","","","","","","","","","","","","","","","","","","","","","","","","","","","","","","","","","","","","","","","","","","","","","","","","","","","","","","","","","","","","","","","","",
"Australia","AUS","Households and NPISHs Final consumption expenditure (current US$)","NE.CON.PRVT.CD","10755361720.8579","11439681830.3491","11791361886.6179","12595522015.2835","13679682188.7491","14829922372.7876","15798722527.7956","17085602733.6964","18611042977.7669","20255203240.8325","22416803586.6886","24684803949.5686","28484813084.1121","34834080717.4888","47725865880.619","54510446538.304","58760282450.6959","62721954576.7378","68700740333.0371","76620470294.2179","84082451253.4819","99344014861.2562","109095222332.561","104973037522.859","110168156114.949","99414661909.9158","102213905987.689","107013631551.085","130015977788.255","162391255492.188","170706256882.386","185208469211.323","190584004589.717","180610595840.36","185012798339.675","211619394119.394","229704681559.422","247250356471.503","228386352845.418","224993733550.57","239473875919.725","220833722406.652","227197359615.788","270847408270.239","353297766396.358","396783299317.043","420705182247.952","480116196906.65","592195381367.541","503823454052.287","639138055560.449","757435694686.684","834107750149.006","867601420289.29","811077541135.461","763170265181.612","692585647649.385","741878458372.079","794697392490.621","759166905662.887","699531624245.601","795156839959.727","831768845147.233","876316816756.182","903687877051.534","",
"Austria","AUT","Households and NPISHs Final consumption expenditure (current US$)","NE.CON.PRVT.CD","","","","","","","","","","","8482339772.42657","9889050556.22866","12074446097.982","16009432145.6181","19001290488.8104","22715303784.4671","24563575976.0681","29926573141.2872","34856337534.3504","41267965002.5733","46366405020.2085","40849464316.5716","41120159716.0603","42493480159.3381","39307519427.8248","40055490156.9566","56376190175.7548","70543779930.3439","75073413574.0555","74514275611.0244","93081889144.3786","96315013553.3294","109465926621.588","106682437004.614","113375429466.329","132422792411.628","131693332466.857","116528943511.106","118524021787.461","116520134718.946","106273427533.083","106874280336.351","114786816084.624","141846438574.098","162370935483.232","170088389295.315","178952276145.353","202437751521.397","223912107168.469","214866859741.933","209874682758","230432443345.428","218865446174.953","230852786955.091","236324599935.148","201233218392.711","206871945361.693","219100218184.565","236293727669.953","229217085285.804","216543272159.098","238651825859.841","241154519607.044","267094911476.828","","",
"Azerbaijan","AZE","Households and NPISHs Final consumption expenditure (current US$)","NE.CON.PRVT.CD","","","","","","","","","","","","","","","","","","","","","","","","","","","","","","","4672727272.72727","2713000000","283865313.653136","1031617904.47612","925570539.253929","2038950548.82187","2785227136.66793","2950663362.92068","3557249935.38382","3471462914.71337","3396172014.60387","3509975658.12715","3922589192.76994","4363098765.35668","4844733264.4073","5579101796.97722","7784922407.08717","11038964065.7993","16333706579.684","18937947182.2619","20826439073.0127","24573058152.2276","27503388935.2061","31075495098.4079","34187164609.5414","30088993952.5496","22231127978.4323","23533615508.1907","25506980224.3154","27703411764.7059","25994000000","28708411764.7059","34173058823.5294","39100411764.7059","41197470588.2353","",
"Burundi","BDI","Households and NPISHs Final consumption expenditure (current US$)","NE.CON.PRVT.CD","180250010","187249992","197750006","224000000","227499992","142260148.148148","146169142.857143","155061714.285714","159533714.285714","163313142.857143","210278857.142857","221347428.571429","215300571.428571","259972739.138063","307786666.666667","385624126.984127","381737971.014493","423510000","492374444.444444","632213333.333333","840438888.888889","841312222.222222","927898877.777778","915723507.261969","847544891.821903","1012753291.07631","1070843316.98345","946915446.74652","948411678.478578","964107378.976095","1070392105.33999","1090462265.51266","983960120.593558","804853828.665568","867881658.968666","889763173.551998","710268981.337737","795186604.22875","782295061.802985","681560082.333736","803266672.81835","794413799.361715","772739086.85647","700565823.742403","806307454.651152","1009829934.76969","1198080786.26878","1234325189.26988","1492415181.72385","1495088723.12093","1646834649.82601","1926254355.26516","1975762139.57571","2183909086.16462","2313443360.14762","2340974554.61835","2051171892.38751","2077956387.81166","2078126642.56355","1991871963.00827","1984197695.62711","2079988960.38685","2471015149.22128","1996781703.71083","","",
"Belgium","BEL","Households and NPISHs Final consumption expenditure (current US$)","NE.CON.PRVT.CD","","","","","","","","","","","13656453408.6325","15378808486.1442","19174373567.9589","24789169944.111","28750937241.0936","34535416255.3472","37271044932.0794","44148557118.7394","53701416677.3409","63014397358.2829","69389292316.1815","58943367014.3416","52571790570.3691","50221719132.1499","47097520245.7414","49406353013.1123","67707792125.6998","83790191247.9741","88925590784.4213","89000890663.3907","111243394495.413","115308238629.652","127096166875.784","120581092583.955","130551917048.469","152826628352.49","149313745928.339","133086265223.275","136805067792.843","134475835397.838","123871312985.569","124067975934.646","133161270908.51","162837438529.372","185499296377.723","193583805425.058","204326609990.117","233792452618.079","262411014130","248261368138.555","247633665315","269738239144.942","257720513409.492","273737745003.726","277391628015.097","237358203642.695","244179948744.514","258783748926.118","281309859485.098","275017720505.098","259818204392.997","293116165565.887","295771350565.176","324705401330.986","","",
"Benin","BEN","Households and NPISHs Final consumption expenditure (current US$)","NE.CON.PRVT.CD","190937434.757312","198226226.783515","201768720.822236","219789230.311409","239474908.220796","260953617.764307","279732804.552155","278874463.885174","288382052.167746","291279032.181241","293438584.960778","300607308.801914","364819948.886001","440066010.29176","489943603.835718","611426460.096429","648069340.25422","694115366.566712","869772642.288128","1096768385.73136","1373021175.19132","1332352682.77905","1067738025.05821","942758503.935523","892862596.356408","927419236.648715","1165306160.93683","1362575513.85711","1449406891.36704","1328149045.11309","1484237576.4728","1562930949.34446","1371316733.16261","1800090816.73183","1187550246.15282","1588055132.12216","1710791898.30063","1646821716.90174","1820133919.7598","3015452302.22471","2888101218.55334","3031375619.99393","3426575030.11688","4297327900.36561","4880892659.56831","5323184953.63534","5705975755.87913","6460306525.87664","7783197471.94821","7663555018.71435","7482080041.98723","8344171573.88168","8527445815.97967","9282602693.57889","9693561456.39397","8560727091.70244","8655442793.93978","9224704679.83021","10047825827.7056","9850881045.13919","10675625815.7073","11902119607.5896","10724462312.3124","11926053876.8641","12649557975.1325","",
"Burkina Faso","BFA","Households and NPISHs Final consumption expenditure (current US$)","NE.CON.PRVT.CD","291246352.83802","305060654.341569","330069988.165689","342602051.485127","350033041.231866","364714365.693228","379028558.782308","405694165.686474","404637815.600636","422157413.762288","396303181.971484","410328684.247996","478866839.864345","540062069.768545","556054484.576926","736701854.62471","757285016.117188","959758777.289553","1239352031.00863","1502627013.82658","1739937161.45417","1616918684.78692","1465127723.84767","1312443294.73645","1204433415.37213","1255173586.83315","1646385377.24728","1838045897.72342","2022812144.79916","1944657892.74028","2280041495.48711","2193416685.87068","2337771737.40263","2269187634.07646","1091590702.61178","1507242159.26907","1751580569.95253","1582817424.41678","1931221856.90517","3023220281.3058","2634535890.88595","2724529246.98112","3098567484.86071","3929206990.82393","4577434964.52386","5109589624.28065","5366637813.37296","5958849502.32445","7531339281.19975","7325082524.49025","7237838576.83459","8298694002.55822","8684040554.79574","9614876903.20655","9791138142.69856","8462728354.20114","8824040588.95055","9389991591.41782","10214023184.9314","9881903346.30218","10677615415.6146","12029338142.5653","12298553413.6005","12863815381.166","14349375911.3804","",
"Bangladesh","BGD","Households and NPISHs Final consumption expenditure (current US$)","NE.CON.PRVT.CD","3686015583.33333","4183360000","4154454187.5","4514922666.66667","4511238833.33333","","","","","","","","","","","","","","","","","16355630354.9572","14966067864.2715","14728577441.0774","16816520000","18146884615.3846","17547166666.6667","19865677419.3548","21809646736.8703","23187353469.617","25291457429.0907","25165490196.0784","25901193633.9523","27444259259.2593","27694688279.3017","31202910447.7612","36617726161.3692","37609812646.37","38107533039.6476","39084920965.0582","40031663685.1521","40235841363.9733","40571565383.9457","44930345423.1433","47944436894.8531","51248319993.3002","52499417440.7846","58827560189.47","69307178911.8219","76419661795.7796","85436063406.0155","95530241860.9667","98299205785.8159","109270901486.57","125468200069.017","141358914056.472","177340893036.799","196542010320.222","217207965277.285","234894700483.893","250383687973.973","286292630441.326","317843355215.864","299958948132.06","315690120945.467","",
"Bulgaria","BGR","Households and NPISHs Final consumption expenditure (current US$)","NE.CON.PRVT.CD","","","","","","","","","","","","","","","","","","","","","10978000000","9669000000","9631066666.66667","8434500000","8759000000","8858052631.57895","10248588235.2941","14629461538.4615","11185294117.6471","11454666666.6667","12345000000","4127838992.57927","5644788141.03937","7960498659.1288","7188273543.42927","10921379762.0997","9076187959.90758","7405365665.4254","8433722004.27413","8881185460.76717","8805501877.99508","9729731387.444","11198001901.8043","14377562904.6426","17880218448.374","20538239144.9769","22996600966.9928","30447820580.1057","35771507654.1544","32763220378.0216","32524135774.3916","36127823226.8578","35619260208.2717","34870353367.0339","35850139365.3298","31512810020.4035","32644735249.502","35649578958.4075","39448890854.9089","40502694268.369","40880005803.0697","48865326903.5993","52419901276.3542","58913122240.4831","64944776700.6188","",
"Bahrain","BHR","Households and NPISHs Final consumption expenditure (current US$)","NE.CON.PRVT.CD","","","","","","","","","","","","","","","","","","","","","982489254.44415","1137500000","1257712234.04255","1280851063.82979","1335638563.82979","1082446808.51064","984574734.042553","1193882978.7234","1391755319.14894","1537500265.95745","1624468085.10638","2707180851.06383","2807180851.06383","2926595744.68085","2902925531.91489","3101861702.12766","3273404255.31915","3396808510.6383","3530585106.38298","3665957446.80851","4047845744.68085","4203989361.70213","4326648936.17021","4752606382.97872","6255345744.68085","6344920212.76596","6426170212.76596","6869521276.59575","8866808510.6383","9383936170.21277","11035438297.8723","12100378191.4894","12503846808.5106","14128572074.4681","14498627127.6596","15194334840.4255","16089441223.4043","15820666489.3617","16430582446.8085","15616752127.6596","14586250000","15498930319.1489","17160053191.4894","17953780585.1064","18812825000","",
"Bahamas, The","BHS","Households and NPISHs Final consumption expenditure (current US$)","NE.CON.PRVT.CD","","","","","","","","","","","","","","","","","","396800000","483500000","751000000","823900000","888900000","932200000","994300000","1335600000","1458599900","1570700000","1727700000","","1914520000","1989060000","2051090000","2008330000","2061840000","2131060000","2333910000","2513240000","3758600000","4136400000","4457700000","4627100000","5035700000","5040100000","5136400000","5295900000","5845600000","6256100000","6415100000","6447700000","6048200000","6227300000","6341300000","6814600000","6753100000","7183900000","7538000000","7653600000","8280500000","8469700000","8016100000","6544900000","8026600000","8634700000","9681400000","10180300000","",
"Bosnia and Herzegovina","BIH","Households and NPISHs Final consumption expenditure (current US$)","NE.CON.PRVT.CD","","","","","","","","","","","","","","","","","","","","","","","","","","","","","","","","","","","","","","","","","5621730778.28967","5869759386.18083","6582179850.54158","8327149536.16183","9903956304.03827","10687502750.0092","11605505133.8232","13762123592.4627","16445619369.7405","15211470277.1734","14759563971.9924","16032241742.1676","15080846335.2625","15745405013.1326","15992472097.8395","13475633005.4233","13574289860.6953","14178071320.3596","15342302434.844","15053756884.3205","14858506322.1838","16529568591.3089","16942789914.1947","19235275754.0199","20489349256.7898","",
"Belarus","BLR","Households and NPISHs Final consumption expenditure (current US$)","NE.CON.PRVT.CD","","","","","","","","","","","","","","","","","","","","","","","","","","","","","","","8232931726.90763","8179959100.2045","8654023200.1473","9153696176.59694","8867558933.14044","8256109502.61699","8700912555.74823","8061662301.64844","8805432708.9837","7118405904.65112","7248621108.14196","7119388489.20863","8682688227.27983","10183739829.4715","12433133048.7997","15705583567.8005","19026327078.7481","23457839409.5281","31565109530.0506","28595513864.7715","31846728733.4943","30081694517.9843","31563134978.2293","38712676167.3639","41634725794.9355","29851783154.4538","26014004080.293","29801246363.2214","32148578136.7172","34758098712.9162","32057837943.0843","35444001299.8907","39418719774.5707","39089829916.7041","43146215627.4182","",
"Belize","BLZ","Households and NPISHs Final consumption expenditure (current US$)","NE.CON.PRVT.CD","","","","","","","","","","","","","","","","","","","","","96477473.5","103104266","100010628.5","97387898.5","93474635","100973890","96919896.5","118738517.5","139090163.5","163778994.5","196775616.476858","220032250","402026100","423430900","455696650","488671500","519629250","586046750","632803050","665409850","722207000","779490400","849332650","897356950","928240050","949571050","963135200","1022575650","1075893400","1047378800","1090021650","1126734800","1184140900","1290816100","1342707600","1346353050","1365590700","1371840250","1415663800","1475837700","1287451300","1529561150","1834760300","1943535200","2059458750","",
"Bermuda","BMU","Households and NPISHs Final consumption expenditure (current US$)","NE.CON.PRVT.CD","","","","","","","","","","","","","","","","","","","","","","","","","","","","","","","","","","","","","","","","","","","","","","","","","","","3172347000","3124118000","3110046000","3135554000","3142675000","3237728000","3368443000","3512954000","3524565000","3576303000","3288376000","3437904000","3704274000","3900159000","4043700000","",
"Bolivia","BOL","Households and NPISHs Final consumption expenditure (current US$)","NE.CON.PRVT.CD","316750841.750842","354713804.713805","380134680.13468","404966329.96633","424663299.6633","463804713.804714","517676767.676768","592087542.087542","649158249.158249","698653198.653199","749410774.410774","830808080.808081","913125235.050771","888355822.088956","1418290854.57271","1750024987.50625","1972013993.0035","2323288355.82209","2635682158.92054","2976572455.48114","3052773246.32953","4144494290.3752","4078885622.87022","3983253464.57713","4268283068.36055","3966672746.44261","3222024342.35914","3466536703.40901","3632300594.05238","3637432041.58885","3741315982.53826","4158862908.19883","4483743180.71169","4551710294.96964","4641137409.515","5091336283.95644","5557184549.2818","5921552481.8157","6378084430.99286","6365971211.93144","6413064906.81231","6129826195.78844","5835733207.81032","5739566874.57004","5957809438.00403","6332737313.44986","7188879161.34783","8295226413.13575","10375367340.0226","11358006737.8917","12241478625.1079","14546680434.4611","16116291374.8191","18452846555.7164","20766959305.3546","22578642604.9204","23388629609.2619","30737626787.2648","32005713024.602","32823029753.9797","28730181664.2547","31498172489.1462","34404028654.1245","36097007727.9305","38212244225.7598","",
"Brazil","BRA","Households and NPISHs Final consumption expenditure (current US$)","NE.CON.PRVT.CD","10051138972.4315","9760602842.81603","13956529618.205","15638607058.8764","14631217231.9027","14582684401.451","18436142915.7175","21886420484.8801","23902617597.0186","25009958476.5274","29017107274.6442","34238487325.4386","40778949205.9812","53545412119.2523","74371827324.778","82255120099.1262","104981221085.954","121841260949.32","137669580413.724","156458585051.017","163832188816.919","179159690538.868","195953143011.723","144841725772.537","147051346357.412","146645680638.935","181718680612.826","183109920513.729","196278359957.464","223550832415.1","231710068240.333","210938308060.745","201898594666.168","221280938955.857","313316538746.993","490114866564.108","554115746008.146","576818863740.507","554004111994.743","387849210342.943","423371684093.523","358992719950.241","315555294419.626","345237695226.363","402956192234.152","539476375673.423","669423848076.431","836521422971.606","1012947867965.6","1032811890643.28","1330224800649.78","1576858354977.07","1513942716880.64","1526106653412.4","1546314611517.76","1152781251954.6","1153759492334.99","1330849484742.03","1238647322127.92","1220335726114.65","932073201920.305","1025242879620.36","1230963252142.39","1378754899936.17","1397971234261.7","",
"Barbados","BRB","Households and NPISHs Final consumption expenditure (current US$)","NE.CON.PRVT.CD","","","","","","","","","","","","","","","","","","","","","","","","","","","","","","","","","","","","","","","","","","","","","","","","","","","","","","","","","","","","","","","","","","",
"Brunei Darussalam","BRN","Households and NPISHs Final consumption expenditure (current US$)","NE.CON.PRVT.CD","","","","","","","","","","","","","","","77968965.8893982","128621431.282419","145294599.978469","171763548.413544","211519222.523939","297531728.286852","343731202.19988","407536924.454677","427097814.277871","436336101.843307","","","","","","795279393.803281","932396817.051055","992735376.689531","1293457755.74336","1582506648.44649","1586964890.36587","1734897257.25373","1977956669.34508","2042017610.38142","1631212199.79422","1587060910.68977","1048371919.81498","1038173199.76358","1052582782.86239","1260315305.56778","1471125197.31066","1506146189.88138","1598581312.11322","1737429384.3416","1791118195.66784","1839379018.80213","2016707920.51978","2366239000.63041","2621329228.44473","2761642180.17433","2651680767.77371","2558336285.03954","2411198706.76955","2483314179.03368","2649961339.41326","2757562532.11544","2855170931.71501","3480874485.69623","3879335888.88986","4165446659.91601","4411828831.82498","",
"Bhutan","BTN","Households and NPISHs Final consumption expenditure (current US$)","NE.CON.PRVT.CD","","","","","","","","","","","","","","","","","","","","","","","","","","","","","","","186199667.209415","159773433.211829","178660717.306909","133183166.973248","130644530.703414","133237158.563505","169104330.566162","227226263.687621","251014936.851306","278594801.101501","184483842.978016","176364323.849657","185598452.871704","227978774.532083","288151324.771192","342902688.720345","316441112.156424","482967557.760755","578183983.273901","575247317.611119","719168669.984472","743462359.183164","645992287.811759","734857075.375383","938348163.808088","1115829744.7697","1122982608.92095","1232001884.04552","1261955343.21097","1313275972.35009","1334802408.49451","1443214889.98899","1674519939.3251","1788433835.66703","","",
"Botswana","BWA","Households and NPISHs Final consumption expenditure (current US$)","NE.CON.PRVT.CD","27947586.0096647","29787153.6629662","31617281.0946843","33293489.1868579","34962684.3302071","36644917.0359078","37867006.6096407","43929293.6336378","56624983.6122276","54800663.4570793","69443087.3768519","78532488.1674911","96852080.9287448","140899045.401764","179844203.703731","210680614.678949","226090056.522514","279051261.342582","348182772.107221","446805978.35356","551577728.457011","575687969.232902","517646099.055903","530391293.487437","529778422.687471","434360524.491385","492218797.49503","607555596.057277","685829722.168143","867766216.053911","1259738151.62438","1421824860.73853","1518231049.07038","1470280531.96868","1628595214.63732","1865336895.83787","1714248583.94373","1779792333.82172","1768318078.12811","1793748155.16408","1928789838.8804","1891426419.22893","2032794377.56488","2897717610.45678","3563842826.39732","3779772177.37995","3304910725.00557","3660210985.86043","4134396159.99044","4470430286.3591","5405475662.84568","6123051174.18491","6396510383.77598","6646127770.41968","6545393575.34907","6223841000.1706","6138416267.336","6770932001.67733","7403305831.63194","7401705497.10219","7262241509.91224","8119771001.99166","8246331837.31205","8326302399.68968","8787722062.44678","",
"Central African Republic","CAF","Households and NPISHs Final consumption expenditure (current US$)","NE.CON.PRVT.CD","80752039.9846814","84807957.0642925","86525733.1921206","93055043.4978929","96315881.4248137","100791266.877323","113156052.030728","125609236.498114","132490619.603456","138867248.00046","135309564.883846","140908256.23893","164664485.374058","183050612.64458","225587655.823941","332690326.620563","368276997.577582","432270163.629767","522033882.036124","611597370.881545","746910623.22618","597166208.06499","669564582.509634","551592568.066077","545692797.372269","684225109.382097","921035409.202842","968141773.046569","1020365342.52367","969899532.300255","1162945095.9336","1091678332.48636","1129090507.79401","1018994109.3876","625012725.036461","858868780.64602","846161634.888529","751278071.174857","805431935.517102","747807354.599024","711037967.826149","756985031.082013","804114763.404965","948083016.495403","1119720179.40857","1198080190.52701","1325492217.1936","1568860010.81938","1846880771.92352","1795462064.11651","1763142920.19821","2034792139.63798","2214065159.6416","1413773094.91533","1557949529.57964","1397827551.10505","1533296305.33454","1719132688.97675","2081060347.1343","2134422257.22424","2121975510.67976","2336326940.43481","2319836614.45291","2488154869.41114","2692682324.22246","",
"Canada","CAN","Households and NPISHs Final consumption expenditure (current US$)","NE.CON.PRVT.CD","","25959783326.9523","26248004729.1911","27726265787.6534","29759652189.3519","32270452595.0142","35274668478.4189","38106696154.6478","41668718079.3977","45513688613.8875","49576035984.3047","55855614973.262","63767047176.4825","72138786121.3879","85981595092.0245","95548564687.3771","112087221095.335","115774330042.313","120564565617.603","131088441181.492","147312692439.275","162030194344.816","168749290751.398","185361895488.478","191700254806.579","198180886122.3","210254048218.784","238202111613.876","277451044121.232","311162162162.162","332858244772.026","350859736405.691","342975924547.034","333825284861.639","328171499707.089","338286942582.338","355815914924.826","372533583706.486","361908324907.314","381592515312.647","406159181199.919","407135847107.438","426051742815.268","498597530511.741","561787855495.772","637068823238.158","717931064880.113","803858113769.668","845778819119.025","791411949960.633","921859295174.883","1002518898976.86","1024256665609.16","1033371895322.15","1007541877572.65","899801700032.213","893637182491.538","956182082022.399","998740190327.769","1007080708725.47","940822790821.974","1088407480578.97","1162647188857.77","1181871092447.94","","",
"Central Europe and the Baltics","CEB","Households and NPISHs Final consumption expenditure (current US$)","NE.CON.PRVT.CD","","","","","","","","","","","","","","","","","","","","","","","","","","","","","","","","","","","","228461880377.608","247372636519.577","244429156841.641","267558532011.826","260778584911.778","258316597464.836","284353830146.628","322516978209.196","382742475088.395","457655618039.307","527995247466.889","587413870082.785","732602385205.344","891483622324.008","754368915352.7","775489132457.176","852759508167.013","802871085773.608","824431656712.716","839063004623.857","729699562609.977","745230287460.557","830964739321.016","933632364023.742","935331121526.105","917722375805.452","1047523405941.06","1098431026585.27","1254062176132.89","","",
"Switzerland","CHE","Households and NPISHs Final consumption expenditure (current US$)","NE.CON.PRVT.CD","","","","","","","","","","","13592015092.6138","16109028036.4789","19783933181.473","26751096751.7695","31105723492.0955","37161762677.7205","39655320451.2722","42978037445.3921","59414536353.4676","67543330125.6992","71886528018.1417","65608934426.2295","67324150125.5972","68081734552.9036","63720726475.7203","63895300964.5517","90856435599.5331","113741203057.94","120462073395.749","113947071948.163","143506497984.451","149020440725.244","158505354857.062","154143394017.325","168319672442.787","198790746723.044","194515043689.32","170271856266.795","174424763415.644","172238618692.584","158224266935.102","162708861104.527","176007141023.996","207015517190.169","229639625251.307","234722030195.952","240095065401.18","260156396201.266","298023411504.016","299441418068.192","319251649813.27","378622030617.971","363280749556.938","374232255167.134","381461778640.321","366967377403.65","363577395094.237","371036479100.903","380725918224.737","378027193278.157","385020963421.237","403715933850.987","412386991435.671","456705491435.631","","",
"Channel Islands","CHI","Households and NPISHs Final consumption expenditure (current US$)","NE.CON.PRVT.CD","","","","","","","","","","","","","","","","","","","","","","","","","","","","","","","","","","","","","","","","","","","","","","","","","","","","","","","","","","","","","","","","","","",
"Chile","CHL","Households and NPISHs Final consumption expenditure (current US$)","NE.CON.PRVT.CD","3230180909.09091","3787993333.33333","4386642722.1172","4362575832.3058","4605104031.20936","4491626860.94393","5105965203.84316","5036033149.17127","5162289703.31588","5970200046.41448","6411015428.26742","7750967810.6315","8904282505.39957","13594195304.4304","10118958556.1362","5577750788.98595","7124238136.6808","10167460559.8028","11370672930.3254","15426732821.6287","20526428638.9744","25952050612.8205","14680277551.2375","14590083883.4388","13715434397.5589","11975251696.9269","12372987677.7142","14241540967.3976","15601896464.5643","18001621609.267","20500087873.9049","23960585272.5965","29937420101.3358","32483883211.9227","36841818926.7255","45945029411.8139","47806168925.1423","52342030338.5726","51754343709.5294","47519874013.4283","48666794888.1707","44172946627.483","42940065545.0052","45891070412.3444","57309933535.2265","70306975958.8483","82301437383.0067","92840463451.6848","104680004307.1","97340052791.8979","122825040070.212","146165378568.246","158473015848.48","168339435607.331","158961379779.849","149774667012.407","154992984237.527","171431102651.794","183607454992.027","171616874709.613","148455922682.833","195654412345.633","191173410267.272","202791155869.492","191905690082.315","",
"China","CHN","Households and NPISHs Final consumption expenditure (current US$)","NE.CON.PRVT.CD","30128251216.8897","33174791383.0846","34068443165.1684","34291856110.6893","36136028424.626","38650439575.1254","41477628849.3543","43931109196.5299","43732068572.3385","45807777938.9059","49020862300.8527","51263115863.1722","59428096991.3579","72006056048.6092","74804689392.2667","82185240208.3424","81821764022.633","88695209392.9292","71508130081.3008","87563661930.4348","97370124175","104267103924.603","109432031839.695","123407560586.207","131769541357.143","157396017176.871","153435351014.493","135596414426.009","154982373588.477","177691703627.53","180402259323.136","183891986062.718","193687598116.17","196277411392.168","249840376955.201","337822910770.711","407218996472.891","444599681754.133","472249043901.419","510328873856.189","572121484751.351","617471065841.189","670183498597.371","720800209060.32","808499564022.38","922685807737.24","1060790840789.13","1319743380639.08","1658876430042.94","1846393192860.75","2142817368113.44","2704258371287.86","3097428478503.91","3520087453383.43","3948106222025.01","4293541104608.94","4486448747365.86","4883976412815.67","5509633753665.57","5729716858571.14","5723905762939.11","6984714625192.38","6919552725347.99","7229259522659.38","7483803731050.17","",
"Cote d'Ivoire","CIV","Households and NPISHs Final consumption expenditure (current US$)","NE.CON.PRVT.CD","343952402.213778","395059152.752044","427805120.699074","465964803.304086","521915633.654754","557820457.421418","611775303.259521","669509626.829147","746471554.623213","797428620.079905","833565069.125825","926435489.762276","1091547032.65924","1468442681.22244","1672173609.86119","2352635032.23558","2579613949.65771","3304709560.70536","4334476522.79006","5202572985.00382","6388692149.12915","5359335293.80568","4715978544.38881","4341504628.34741","4082098147.23367","4087806349.17372","5814971646.85936","6817094150.42819","6937513239.92305","6816882304.68261","7765800476.55667","7686387245.83665","8183857357.93909","7864155795.81227","5241034846.72255","7312573923.0519","","","","","","","","","","","","","","","","","","","","29902994240.1444","31282187564.1526","34962135547.378","39999513328.4296","40167915396.3948","42160085181.3623","48760410414.0858","47785900108.9909","56659039298.9429","60143000696.6097","",
"Cameroon","CMR","Households and NPISHs Final consumption expenditure (current US$)","NE.CON.PRVT.CD","","","","","","610052364.772265","633348196.121909","695932322.420657","794135873.833447","827817860.180598","811134062.85255","931519855.007431","1127658091.22982","1366149810.41947","1493946917.97169","2056805659.85529","2213429187.13531","2187400963.67837","2958487440.12232","4108185698.30158","4575786012.99118","4728013761.80769","4072503056.41628","4352080408.97143","4519876148.08467","5497226003.91611","7428634622.41175","8723963230.1377","8357444486.8512","7616416318.05949","8197534692.95486","7659862193.5913","8528786956.26843","10671622756.692","5872104517.10589","7071828184.62899","7510090277.35437","7189544434.07046","7832461898.94081","8055259686.80083","7420895433.56396","7733665133.48643","8928905193.0228","11511468138.6773","13343897775.232","13880418770.1429","14856752986.8008","16943446638.4585","19986092968.3188","20444398719.3502","20041774197.05","22138646437.1357","21718843719.4565","24109342490.611","26134879840.6699","23532186345.5415","23939290551.6091","25763988793.7237","28630968996.9322","28817568699.1161","29896904807.4753","33103128154.2721","32386189693.9059","35956128705.7259","38699401277.4549","",
"Congo, Dem. Rep.","COD","Households and NPISHs Final consumption expenditure (current US$)","NE.CON.PRVT.CD","","","","","","","","","","","","","","","","","","","","","","","","","","","","","","","","","","","4947454295.11152","4568739333.4208","3824058631.18189","5234999710.68516","5776276250.10892","4001048927.27273","16725727465.2174","6736189100.33333","7389082074.68446","8183245497.87443","8790508213.3907","10037638025.9436","11890780521.6262","13819590334.6262","16881300213.4833","14957061846.6228","17973742568.6858","18278707558.9513","20713393502.37","21615496210.7572","23317613707.6945","24186392013.8763","23940346585.1375","22942769111.6254","27760312004.4051","29759052304.0372","29342959630.0733","30579648737.2123","35395602996.8112","36086365224.4029","37162325696.8093","",
"Congo, Rep.","COG","Households and NPISHs Final consumption expenditure (current US$)","NE.CON.PRVT.CD","127610032.469613","130359302.386656","137228057.36399","143595969.642042","154919849.627787","159552196.108091","166070765.502306","184552162.561266","199139971.469437","213109108.229619","225033647.50162","245863219.034664","316235192.342624","337387311.882246","312415911.269324","542664449.036899","584639904.11336","564150126.094877","589394811.639281","657667463.777217","797521605.912129","1125743768.79367","864561728.227369","835550715.414585","851571858.157669","1134079663.71802","1099048545.24224","1300084746.42762","1330543460.45964","1258901379.55314","890150069.644702","1039446070.42573","798572372.477831","841434444.273797","697166635.63667","986044948.481917","1165078230.5931","961204042.757275","886421572.339536","869287658.46529","758708716.531355","944165097.062915","902196729.196862","881094592.408141","1654681126.242","2068077201.84042","2392593204.05656","2965144214.93389","3738461539.73784","3780967185.67123","3845462945.16245","4335197785.80744","4194352005.08666","4668671300.70947","5080402553.21374","4913985988.14599","4978935273.84144","4107810681.61181","4894727405.031","5595846343.99081","5351130801.03468","6378848203.48306","5966348890.50006","6757854311.06645","7451756875.00755","",
"Colombia","COL","Households and NPISHs Final consumption expenditure (current US$)","NE.CON.PRVT.CD","2943982245.66692","3363767970.14925","3708680301.97647","3637088744.44444","4582541088.88889","4293904761.90476","4158592592.59259","4284158354.41555","4379898966.95864","4759405831.99109","5168399822.16632","5761163480.20649","6230158185.73447","7221710780.30011","8768460998.32321","9466623555.08851","10904568381.6112","13604293227.317","16361657500.9592","19771765264.4171","23453381361.0049","26384971700.8141","28395432373.4743","27859556795.4855","26998179879.4852","24069595121.132","22833597926.087","24052950722.3007","25685005981.483","25814217494.6225","30617001154.7804","31706489218.8611","39074794883.1054","44396284743.1393","53849888973.6041","60761209066.6855","63639591035.9627","69402186201.1259","64834265880.2472","55517154181.0706","69381545106.6304","69259298992.0198","68619920644.3961","65374515074.2444","78685318721.6512","98816453741.4844","108991176124.563","138273406872.657","160255452862.713","154627483205.42","188899669430.844","216296209410.756","243294305609.197","250400905347.812","251508041806.902","200968956292.901","195245568700.485","213667218936.212","227650335361.562","221821391058.035","191201261950.261","231573305940.333","254778320126.39","269704377414.929","306221170562.847","",
"Comoros","COM","Households and NPISHs Final consumption expenditure (current US$)","NE.CON.PRVT.CD","","","","","","","","","","","","","","","","","","","","","216607064.671016","189528728.658183","179909873.728089","174607271.652046","168295434.89639","170826414.487322","229741585.733015","278821457.831563","299409771.594736","292504771.354497","357377980.194219","356519869.348565","388522220.434552","380688826.020664","280155836.464292","349559936.880907","349305411.808485","322897519.361448","323889110.669721","330999541.76778","302149484.351141","331734978.520868","380339914.714422","486664551.043475","554169071.828548","583267334.40121","612747412.474425","696961622.893213","820364647.440048","813047019.485152","825884068.388969","955631514.075589","982559518.459307","1065587591.8086","1085264500.12096","901330835.869592","938002137.637526","992370565.447223","1085194843.28623","1115351202.97128","1219054705.42837","1254487804.3054","1241449148.47634","1377206319.03071","1493275397.48238","",
"Cabo Verde","CPV","Households and NPISHs Final consumption expenditure (current US$)","NE.CON.PRVT.CD","","","","","","","","","","","","","","","","","","","","","","","","","","","","","","","","","","","","","","","","","","","","","","","","999406761.967592","1140706812.64167","1137294904.86324","1099130294.90654","1228294768.55932","1186188547.88254","1265998424.26796","1266376108.72589","1091411496.3065","1184702059.86644","1375026217.46527","1510939796.02259","1507745856.27181","1331846422.21301","1547460003.79411","1693817525.80074","1808107587.44021","1990299990.27043","",
"Costa Rica","CRI","Households and NPISHs Final consumption expenditure (current US$)","NE.CON.PRVT.CD","390983446.5873","361353821.432158","346927113.877987","379407828.453707","409587825.746981","465645283.018868","481690566.037736","520015094.339623","574626415.09434","621856603.773585","725252830.188679","776657063.345846","866330067.822155","1041740951.00198","1232332912.98865","1404434072.34539","1600676779.46324","2003663943.99067","2381761960.32672","2699941656.94282","3166814469.07818","1578053324.82851","1507667069.08156","1934111476.21024","2241872559.08206","2355928712.87129","2587473118.27957","2811454516.48877","2847256894.04935","3167585994.32869","3508229189.42539","5269837557.73956","6262292804.26039","7027969195.45072","7569447021.39855","8226292190.61404","8550915603.96707","9046770030.52451","9403864023.09577","9701288128.67544","9946494019.27382","10452222297.5644","11172382758.0457","11834915184.1168","12643068965.3598","13991693642.1277","15659139862.1027","18604289215.3449","21746148458.1166","20382461142.8215","24628222510.0468","28515902113.0306","31693225507.0676","33709555573.2887","34450964313.1392","36658055560.4973","37697792400.0488","39410189675.4487","40512388656.6303","41417084055.0353","38971739539.0027","41130757470.9635","44540220101.8334","55800382379.3829","60947898677.6046","",
"Caribbean small states","CSS","Households and NPISHs Final consumption expenditure (current US$)","NE.CON.PRVT.CD","","","","","","","","","","","","","","","","","","","","","","","","","","","","","","","","","","","","","","","","","","","","","","","","","","","","","","","","","","","","","","","","","","",
"Cuba","CUB","Households and NPISHs Final consumption expenditure (current US$)","NE.CON.PRVT.CD","","","","","","","","","","","3107849900","3774218800","4440618048.26863","5453185524.72859","6230604878.04878","7107769512.19512","7521366869.67113","7756427469.87952","9754973766.23377","10724539589.0411","10798984861.1111","10974353855.4217","11498254941.1765","12212789289.8719","13277762891.292","11823365214.5431","13474821694.2645","14356164822.5868","15274497097.6253","15240865948.994","15440258909.5745","14442730176.0611","13484219189.1892","13854524729.7297","19333090675.6757","21455873739.3081","14897000000","15503100000","16245600000","17589500000","18558100000","19180000000","19608200000","20982900000","21006900000","22559500000","27249907407.4074","28055000000","27619907407.4074","27646296296.2963","29971296296.2963","36469000000","39755000000","41878000000","44432000000","48553900000","51028700000","54221100000","55987000000","56540000000","54345000000","","","","","",
"Curacao","CUW","Households and NPISHs Final consumption expenditure (current US$)","NE.CON.PRVT.CD","","","","","","","","","","","","","","","","","","","","","","","","","","","","","","","","","","","","","","","","","","","","","","1522402234.63687","1659385474.86034","1873407821.22905","2064357541.89944","2014692737.43017","2362067039.10615","2149608938.54749","2211899441.34078","2219273743.01676","2173687150.83799","2117765363.12849","2067486033.51955","2230614525.13966","2230837988.82682","","","","","","","",
"Cayman Islands","CYM","Households and NPISHs Final consumption expenditure (current US$)","NE.CON.PRVT.CD","","","","","","","","","","","","","","","","","","","","","","","","","","","","","","","","","","","","","","","","","","","","","","","","","","","","","","","","","","","","","","","","","","",
"Cyprus","CYP","Households and NPISHs Final consumption expenditure (current US$)","NE.CON.PRVT.CD","","","","","","","","","","","","","","","","397839460.718685","435992729.475916","556497911.998992","716784968.731272","879254140.668974","1440552238.80597","1367357740.58577","1428399260.17263","1455447163.51502","1450522632.10369","1550859117.08253","1890466101.69492","2205573447.01583","2594416060.22585","2716170769.23077","3423109987.1959","3791498989.89899","4385558800.52151","3919519670.20024","4323575238.09524","6144495472.18629","6309858218.3187","5968794754.84607","6392045248.86878","6440926645.09169","6181605089.53817","6405154826.95811","7053164423.07692","8858296715.74179","10648035000","11349631886.5813","12331043783.716","15323565562.5513","18587621209.9019","16591545111.4291","16976053580.1641","18188121333.9384","16748786516.9117","16061247501.4775","15951661157.8153","13400901590.5984","13788104327.8826","14897898342.3068","16726431995.3518","16625139374.6166","15723040161.9178","17276696227.2943","18054207770.6545","20360115263.1807","21555657058.7408","",
"Czechia","CZE","Households and NPISHs Final consumption expenditure (current US$)","NE.CON.PRVT.CD","","","","","","","","","","","","","","","","","","","","","","","","","","","","","","","20067230267.9218","14142318214.2009","17855017049.8762","20402575000.8575","23557749834.9835","29291032403.9186","33202591986.7969","31779479219.9025","33651320273.1001","33088095761.545","31156352424.5054","33703257728.9231","40894479299.6646","49949590556.2055","58347107759.5935","65559326137.2269","73390483102.905","87602408629.279","112198843700.393","100883911241.672","102547406175.959","113016976609.481","103225999233.814","104931159435.718","101170661206.793","88675644087.6061","93005390771.245","103517474939.041","118173715959.948","118232707213.64","111505864865.738","127857075859.736","135601489917.37","150986143698.593","","",
"Germany","DEU","Households and NPISHs Final consumption expenditure (current US$)","NE.CON.PRVT.CD","","","","","","","","","","","119935830705.926","139425196007.361","169100153346.01","222898488108.306","248181794271.03","285543253835.758","301927197452.229","350557213846.543","427979741966.894","512044440294.526","559328102001.291","475725402855.907","460739516402.031","458039598621.218","429462775754.244","429308194924.263","597875922723.588","747278898803.047","799722421205.034","799380993446.375","998271137876.77","1047324690630.52","1194112711333.75","1173602271382.94","1239074364228.03","1443964787771.26","1406216532362.88","1242955109406.72","1246055351783.93","1233498753255.22","1096699387930.98","1098672323974.8","1158584064205.1","1412512785337.64","1580063185957.15","1609575380320.62","1667613532680","1849604014115.69","2030857390892.19","1925340917767.19","1873512073350","2039128144299.61","1936646761169.53","2037046198660.4","2077641048087.44","1778514768772.26","1830503388154.09","1923242664100","2070673827945.1","2020128695600","1951631656694.17","2111770996240.28","2084296010309.35","2259530294590.24","","",
"Djibouti","DJI","Households and NPISHs Final consumption expenditure (current US$)","NE.CON.PRVT.CD","","","","","","","","","","","","","","","","","","","","","","","","","","","","","","","","","","","","","","","","","","","","","","","","","","","","","","1192487100.56774","1343673510.72749","1492350011.53493","1598872039.32006","1722880586.98747","1836120428.08672","2020451169.52977","2260007575.91956","2563378344.14616","2593390317.9703","2770211614.83449","2950488460.00191","",
"Dominica","DMA","Households and NPISHs Final consumption expenditure (current US$)","NE.CON.PRVT.CD","","","","","","","","","","","","","","","","","","","","","","","","","","","","","","","","","","","","","","","","","","","","","","","","","","","","","","","","","","","","","","","","","","",
"Denmark","DNK","Households and NPISHs Final consumption expenditure (current US$)","NE.CON.PRVT.CD","","","","","","","6921575867.27613","7610594011.3752","7678860400","8519897200","9412750266.66667","10257779109.3815","11910813894.9247","16101669394.1648","18025004019.7542","21812486338.7978","24526983291.9768","27560543376.8657","32969132666.0139","38246248241.7791","38450355400.2023","33603965943.2294","32096789400.4128","31804318206.6703","31083381225.4987","32917890226.8695","46578603015.6965","56485136616.815","58661088316.1257","56790517906.4868","68762661506.6412","69503506761.5102","76443445767.9628","71302243711.3466","79546132911.9894","93525040875.3391","94130262127.7183","86667437201.9078","88746812022.4451","86751936154.3534","77259806881.0234","76973203729.5141","83844035872.1674","103039769874.159","119969444843.184","126389916790.342","134101080749.311","151684557745.651","167463639787.372","155736352105.057","153309134924.41","164825261371.682","157169326340.453","163869846516.051","166475193260.242","142593719868.02","146140473859.109","153969636235.144","167646673657.528","162678556202.822","164152473755.66","183849474923.135","173059929435.623","185087979214.383","","",
"Dominican Republic","DOM","Households and NPISHs Final consumption expenditure (current US$)","NE.CON.PRVT.CD","471500100","483100200","620500000","706700100","782100300","689800000","787700000","831100000","876500000","970200000","1177336896","1361405507","1484931244","1736547483","2224775491","2615760853","3189755694","3728679027","3845300030","4220633640","5519883259","5710238062","6575024941","7293007094","9610092007","4046587381.70692","4694386338.61888","4670651195.99205","4064448028.3654","5311405744.95268","5779284464.24173","8161335962.80319","9774376000","10593424000","11545719272.2707","13069883449.8835","14161372338.7914","14936261599.6477","15582396133.7162","15793059807.0155","17425234487.5227","18030973888.7429","19090346161.8126","15431140619.6799","15813408508.8557","25805932527.7894","27123001522.3708","31169192144.7542","35381085667.9334","35868132784.6601","40080555329.2372","44316951124.625","45611833589.4733","45960006601.8251","48219839721.8735","50603080993.7304","53526719234.9049","55785163781.9533","58647450933.7943","61143725953.9738","55181346796.7971","64632722127.7418","77956538312.6893","82035129159.7219","84191865368.6209","",
"Algeria","DZA","Households and NPISHs Final consumption expenditure (current US$)","NE.CON.PRVT.CD","1527109960.17873","1187752143.98853","954443717.516093","1717998707.73294","1887677605.70056","2014936622.20026","1936686732.58984","1917124138.65742","2171436644.48072","2347499037.88895","2621373914.84001","2811343091.0236","3621378435.29148","4338542433.49203","5937060766.60886","7703199289.61505","8327114660.19825","10387684885.3972","12395629617.4891","14662882899.1087","17667982253.8404","19602354043.5534","20164662213.6008","21508519566.4885","27150274201.7207","30052905485.5006","36790373660.4742","38146359435.2029","35064778257.5374","34382336574.1577","35266505182.0216","21907797481.4424","24853368176.2863","27440086270.5028","23640485239.2291","23024280425.6668","24752992694.8531","24785425765.891","26502001257.8364","25095652010.6423","22776943098.6469","24822009696.792","25876641997.7435","28827866408.6396","34700876762.0586","36928361619.9659","39477378554.3241","45801718514.5846","54893392668.0169","55127754920.729","59139529015.8362","66323106745.5029","72593742204.8273","79098117134.7791","85524287296.7785","74705541235.0721","74337682806.349","79857872116.7867","81186389409.1377","82801452806.2917","76776334471.2913","78912548384.3263","85650981663.2596","100747302033.003","111162667740.628","",
"East Asia & Pacific (excluding high income)","EAP","Households and NPISHs Final consumption expenditure (current US$)","NE.CON.PRVT.CD","43679155239.0597","47937853713.008","49525460564.5411","50384459546.882","53161657655.9071","57023567922.5092","61390135476.5394","65361843714.1336","66854898413.0135","70867712257.269","75647831016.2219","78550050807.2596","90695731262.7119","112921421205.263","127046609669.891","141415265057.236","147860202288.816","164956808085.51","154515788951.608","174947237278.5","208180408745.826","234001332520.849","249178620476.945","250956660175.7","265413870268.779","289740850076.078","284611619718.128","268960245473.012","305614415026.044","343703392608.849","370336512229.052","393450243952.262","427655328441.963","452568084691.892","542725216829.425","679526220603.967","789044866305.388","801730142531.666","711340140493.604","809221214938.836","878060672138.97","922357025908.815","1022791321227.54","1122037140354.78","1250534487528.86","1415321061337.39","1644635488139.68","2016744875243.39","2469928568780.61","2653230820189.69","3148600249165.79","3863131641659.47","4348477560810.57","4826662052580.93","5272916688274.12","5604669706807.97","5866740737883.71","6359629990540.25","7090373611312.62","7442426192259.6","7391946686865.13","8747262303050.54","8781521967669.48","9214141711838.15","9567419800980.04","",
"Early-demographic dividend","EAR","Households and NPISHs Final consumption expenditure (current US$)","NE.CON.PRVT.CD","106153338165.485","112613299006.676","117041922543.826","128583333349.763","147126281305.609","157481497774.978","151519079518.805","160114367984.891","170671481723.323","188917958416.391","200288651390.708","217115424899.457","236777311764.583","291815777946.299","376932815758.344","405393617224.693","425376671759.776","485439715584.21","576073490929.595","660478476215.274","813444247096.921","931386513201.916","911764888499.296","934048915303.443","945938870961.602","970346118685.946","1001817846364.4","1005845584528.94","1073260080151.38","1075315255198.3","1265788827459.4","1355919679256.59","1488184925864.6","1593446806085.4","1661338476316.81","1695296269687.12","1822812322485.43","1953458747525.93","1912380230046.75","2019640219492.36","2158003639315.48","2154639183181.32","2078292621324.56","2281279990088.71","2585000128117.6","2946622394996.71","3292301133457.56","3909802173930.81","4365178761539.91","4289505548533.72","5096653101838.6","5702544418930.67","6000525948835.82","6193974955724.14","6397254326310.08","6371802070933.92","6552259277477.74","7044990366369.24","7096625898357.54","7319861495941.03","6862262640493.03","7930025015851.61","8739423075505.73","9331002382837.88","10020419742252.8","",
"East Asia & Pacific","EAS","Households and NPISHs Final consumption expenditure (current US$)","NE.CON.PRVT.CD","","","","","","","","171625966242.742","180319330724.923","194281351811.188","211427765791.599","235293504574.48","292775272918.666","381727967771.91","443839441237.574","501216748068.979","554059193023.547","656114566819.992","824231531539.983","899989168649.573","977994640813.441","1084333203701.5","1082058685278.72","1147872068586.3","1207185055575.72","1265043993013.65","1634255548783.99","1901580330933.4","2265420377868.69","2376665066100.1","2486002979121.16","2787061929237.23","3071425817586.96","3463944310079.77","3925144811358.52","4463470208702.35","4303855544594.62","4106874346327.29","3660565935098.61","4177886883253.49","4490808640855","4206640311560.62","4293428912127.17","4662516381828.62","5141014781537.09","5436284187806.89","5662652665821.59","6178671444812.22","7042828510428.34","7249599437666.74","8258220332840.33","9529088928270.61","10191087796525","10184807086629.9","10448313196390.4","10342829673276.6","10826202577293.6","11439845853449.8","12400119191239.4","12731731205712.4","12475729565461.5","14040300392551.2","13760257150260.3","14472915109004.5","14955015787491.6","",
"Europe & Central Asia (excluding high income)","ECA","Households and NPISHs Final consumption expenditure (current US$)","NE.CON.PRVT.CD","","","","","","","","","","","","","","","","","","","","","","","","","","","","","","","216856917473.686","210859536659.212","200659411245.26","223595786256.103","179889549032.224","243881883682.955","260008159278.536","276456103989.959","280221113525.094","262879644067.486","263125057548.478","217448233555.231","252289542117.04","325270522706.193","412500814756.836","500939865659.694","565345828225.819","710457704622.905","842113777657.213","710710844441.108","838402290072.7","941236454665.514","990642359687.189","1090497143532.01","1027801785791.25","902913631781.412","865945896327.549","885745934618.504","849182330627.187","882063478460.315","845777656702.088","960281133614.316","1029015121173.66","1228672216206.03","1413432194787.03","",
"Europe & Central Asia","ECS","Households and NPISHs Final consumption expenditure (current US$)","NE.CON.PRVT.CD","","","","","","","","","","","584492052792.542","660940170518.55","793079134934.025","999384085658.832","1135018995197.84","1351454880043.03","1396913760883.41","1581880406528.17","1922137057259.96","2355051174846.47","2688052047236.97","2414624868429.61","2330319978256.06","2257583536317.78","2155559403656","2226011899152.23","3020180856347.73","3756588267445.93","4149514347970.28","4145497535601.27","5086409658357.95","5248289413566.77","5627219331409.84","5226278383577.79","5464044404707.95","6234362646749.02","6405300314739.43","6113076628873.89","6243165737484.45","6189294297169.23","5803145215775.54","5842376592222.9","6375428827589.19","7751094914825.44","8989448968122.66","9542466968528.13","10187873176192.1","11791468459445.8","12966795261909.6","11665241129178.6","11832706900990.5","13021848422349.2","12601627341094.1","13177092137959.3","13287959864619.8","11381814685666","11327785897613.2","11934013027039.9","12690738457087.5","12489238305367.3","11712921613877.5","13195543734114.7","13409867393590.8","14569433878213.7","","",
"Ecuador","ECU","Households and NPISHs Final consumption expenditure (current US$)","NE.CON.PRVT.CD","1368323971.64721","1157966506.11693","1009285994.9916","1221413727.17532","1514285620.81237","1611550932.89686","1678521011.56454","1826797035.78014","1996564354.32572","2268127433.04043","2127284969.50039","2071127069.86647","2251262354.66789","2624959355.5313","3657256826.01966","4774271876.22871","5518429327.64794","6222603627.1374","6849403864.45107","8312456666.74337","10203640543.8205","12864065887.5601","12755329802.9756","10926681880.6208","10709768979.3411","10742355588.3268","9597166042.53437","9247219418.10127","8126759717.90488","8859019470.32629","9553833286.14406","10951392696.3482","11567676838.4192","13525682841.4207","16117491745.8729","17664731365.6828","17723025512.7564","19817376688.3442","20293185592.7964","12779283641.8209","11156550275.1376","16797409000","19873107000","22235392000","24770328000","27470939000","29901522000","32095555000","36968542000","37954004000","43384728000","48350117000","53149769000","57508909000","60881624000","62465713000","62041043000","65677273000","67523021000","68594786000","60888654000","68528504000","74428140000","79510850000","80881491000","",
"Egypt, Arab Rep.","EGY","Households and NPISHs Final consumption expenditure (current US$)","NE.CON.PRVT.CD","2984418881.1229","3131730233.5732","2883885593.92221","2926057366.54837","3176297141.33257","3319790301.44168","3591625296.78394","3865103936.31137","4182242990.65421","4462953995.15738","5358201456.92037","5797755674.57281","6292657704.23992","6770843860.53562","6173072927.48805","7689390618.14993","8746573982.12513","9377828451.14892","9863553668.89024","12269714285.7143","14989108093.0556","13967567567.5676","17838669950.7389","20023282887.078","22253278864.7603","25232959899.487","26473339569.6913","28201098350.3535","24758659852.3566","27932672862.4535","30910722296.9942","27318045862.4128","30391478349.833","34513805522.2089","38701067615.6584","44795045709.2303","52034198113.2076","60530973451.3274","65053128689.4923","68062518431.1413","75737560546.015","72776280323.4501","62808988764.0449","58634615384.6154","56461038961.039","64152514152.5142","75843478260.8696","94430823117.338","117745454545.455","143938294010.889","163303085299.456","178330464716.007","225283333333.333","232976744186.047","253457675753.228","271495956873.315","276220858895.706","209843750000","213680360157.569","254612756264.237","310212102308.172","352326322498.407","379896656534.954","312623079239.576","340742808644.423","",
"Euro area","EMU","Households and NPISHs Final consumption expenditure (current US$)","NE.CON.PRVT.CD","","","","","","","","","","","363793632587.432","412651697082.958","498557161257.783","642108985279.26","728447033184.596","867834313632.163","903663024057.665","1030345088048.85","1247460191678.18","1519510757915.99","1722080154109.37","1513819498317.5","1467113306771","1427200426233.68","1360943278793.33","1396346629999.07","1934644291935.29","2405580407148.1","2615531031489.68","2674063106243.98","3335195705053.43","3470509583405.53","3847894705700.12","3524372842132.81","3701229870451.44","4238589289294","4313920177071.49","3923709668292.47","4021040797187.42","4013691004540.34","3667208401999.41","3712715638307.16","4025406459134.46","4977424331079.85","5680611822834.84","5907200725061.86","6225424952275.43","7084834968897.99","7839961664508.65","7299913820086.59","7101284656279.49","7634889424199.38","7099629268183.78","7372602465839.14","7472680707846.34","6377045442186.16","6517806811367.37","6859684334576.44","7387735294784.49","7179242911206.87","6798329589394.61","7516835976278.43","7445651797185.15","8150899993146.68","","",
"Eritrea","ERI","Households and NPISHs Final consumption expenditure (current US$)","NE.CON.PRVT.CD","","","","","","","","","","","","","","","","","","","","","","","","","","","","","","","","","495952697.837802","436261760.881206","530665584.415584","545296875","636855601.176711","652036833.844914","601184648.590791","479093441.345882","506797028.571429","545757920.012393","611333486.266203","765628077.061565","1077404184.95014","1023744024.64563","1112583362.60163","1116425008.13008","1140436943.08943","1662473378.86179","1807450302.43902","2027246900.81301","","","","","","","","","","","","","","",
"Spain","ESP","Households and NPISHs Final consumption expenditure (current US$)","NE.CON.PRVT.CD","","","","","","","","","","","26230760637.0335","29920107784.4311","37705371472.9485","49911367789.8344","62362281511.3931","73699597101.4493","77715050982.3427","85978462212.4863","102380874565.972","137998953891.919","152499825945.695","133786395746.981","128646992276.238","111088529002.32","109392830676.878","114404311154.599","157056963288.583","199179101199.299","232113730895.586","257022645115.952","329414312765.263","353866640512.41","391049392166.423","324945117008.759","327231321574.96","374841206298.372","388552476027.847","355279545454.545","369502171734.046","378438032664.866","356728722032.942","372116156110.237","415917222172.942","525671726282.744","622681328961.005","670135445665.369","728117990968.234","849471625915.297","937633084926.562","849072404533.984","826087197916.668","865914483511.675","788517205955.859","799192373861.963","813987044057.644","699231666365.234","717566546445.527","766039065127.06","826046974790.588","799903718862.744","716733769346.305","812699897484.483","807278669527.24","879142757847.074","","",
"Estonia","EST","Households and NPISHs Final consumption expenditure (current US$)","NE.CON.PRVT.CD","","","","","","","","","","","","","","","","","","","","","","","","","","","","","","","","","","2338174120.1376","2416695032.65387","2517656963.02124","2773091429.31461","2988627141.56898","3255892757.81511","3234255749.57411","3093478300.93062","3426441679.34831","4084068946.02995","5457455962.05962","6731664596.27329","7668585996.76657","9215747083.17651","11764523679.1678","12976717445.4372","10472636843.5677","10235848845.3334","11665431328.2491","11692116525.3047","12920371892.5612","13484568588.4529","11764721045.2551","12389284281.7296","13522397780.1518","15347374218.3757","15632197642.6902","15592619365.1642","18360163939.6005","19507276369.6324","21582335895.1102","","",
"Ethiopia","ETH","Households and NPISHs Final consumption expenditure (current US$)","NE.CON.PRVT.CD","","","","","","","","","","","","","","","","","","","","","","","","","","","","","","","","","","","","","","","","","","","","","","","","","","","","23144446011.1663","31384316099.6813","35005782229.7521","39047861935.9168","44245229641.1483","45513738921.3974","50806919600","54723187261.3636","63074073109.215","69116465976.6082","78771613389.4472","95315050188","107230732526.48","120137735438.374","",
"European Union","EUU","Households and NPISHs Final consumption expenditure (current US$)","NE.CON.PRVT.CD","","","","","","","","","","","409443001132.819","463037298257.123","558405031219.016","717781179356.295","813644472831.548","970664183704.183","1015274225417.2","1153642261261.18","1390700386382.59","1689043847839.09","1908860196982.45","1681639306843.67","1624609807160.7","1574947421083.65","1506553971460.69","1548204360242.44","2140676519885.39","2662180265294.09","2890668353365.19","2952374261712.58","3671807216720.48","3799350536403.88","4204001003615.07","3843111691124.38","4043541601189.15","4636276937779.52","4740518250034.12","4327656725743.45","4446290752029.8","4432110758489.39","4070966885401.96","4127977437573.74","4488340377139.67","5531368263820.2","6329413574584.3","6627187260726.23","7007518590516.67","8027632881258.94","8942173840399.28","8248051625663.81","8099919866469.73","8741470416409.99","8148530352704.25","8457911630477.45","8569270210157.53","7327290136571.19","7485420296528.19","7919293826358.4","8551226972827.49","8325546651376.02","7930342594404.26","8809425526947.1","8745236162519.96","9589235980213.31","","",
"Fragile and conflict affected situations","FCS","Households and NPISHs Final consumption expenditure (current US$)","NE.CON.PRVT.CD","","","","","","","","","","","","","","","","","","","","","","","","","","","","","","","","","","","","","","","","","","","","","","","","","","","","","","","","","","","","","","","","","","",
"Finland","FIN","Households and NPISHs Final consumption expenditure (current US$)","NE.CON.PRVT.CD","","","","","","","","","","","6173028029.44507","6726484796.81728","7977069113.85145","10286769877.0811","12682123838.0337","15573643122.6766","16999099861.5172","18021710196.252","19494246931.4079","23455231262.4027","27833917755.8177","27168641499.0355","27859874182.805","26802946199.8292","27386228729.719","29092478894.858","38353272343.4201","47762748545.9218","55402985074.6269","59821255369.267","70797698647.1777","67947360682.2526","60783116538.3594","48060789008.015","54290267501.4229","68380991285.403","68106393994.3049","63576909861.4134","65797730307.0761","66068547780.309","60238010447.059","61596025128.3465","67749411857.6472","85231804388.6273","97514478207.7223","101699403405.447","108149749065.882","124536709901.569","140920435238.281","132187714468.359","131272464333.334","146517209922.179","139585865255.859","147033291885.491","149858873972.941","127753752278.125","130814916778.6","135901775210.588","146362778127.059","141144465670.588","139066945049.028","151983312585.269","146332691803.503","157497588274.513","","",
"Fiji","FJI","Households and NPISHs Final consumption expenditure (current US$)","NE.CON.PRVT.CD","","","","","","","","","","","","","","","","","","","","","","","","","","","","","","","","","","","","","","","","","","","","","","","","","","","","","","","","","","","","","","","","","","",
"France","FRA","Households and NPISHs Final consumption expenditure (current US$)","NE.CON.PRVT.CD","35611510587.557","38764370887.6829","43376076788.1198","48723848683.6135","53108357318.4282","56626593338.1219","61065576171.1267","66022728206.4278","72340406557.5017","78391071011.3515","80562182591.2366","90112465964.2477","110230169050.715","141551266941.662","154058919803.601","196848707358.115","203258672493.854","223281626103.236","274087209302.326","333283996299.722","383908723998.758","345938442969.221","330196626409.821","314432395214.734","297771522930.271","313161045408.089","432472772042.807","529574375204.627","566671071467.9","566736582356.57","700662570774.605","698822229973.259","772365551425.031","732410238591.615","766717863894.14","875966618478.118","885145531478.395","786507080242.751","811048476762.286","800523873976.063","735497610323.139","745599042879.528","810357628318.825","1000562269080.39","1145724838459.85","1195025840211.67","1258575848340","1439813264175.69","1596016770512.5","1495682377055.86","1464262012633.34","1575335613803.51","1468474908292.97","1536288588800.4","1551065849210.58","1318289931253.91","1341911926533.86","1400976370362.36","1503816844193.72","1462924811513.72","1408333513315.18","1555883050503.85","1483819244533.08","1628357033613.75","","",
"Faroe Islands","FRO","Households and NPISHs Final consumption expenditure (current US$)","NE.CON.PRVT.CD","","","","","","","","","","","","","","","","","","","","","","","","","","","","","","","","","","","","","","","563676692.444082","602301526.323636","548821102.283963","581690069.600233","644937866.020226","816494686.363455","972466127.429601","1136451939.41547","1159148702.03663","1283024177.85253","1344394641.87954","1343812484.06275","1196996839.48027","1306104704.44308","1311425373.19102","1376810974.88886","1418930391.92925","1208518488.73654","1284486367.37308","1295810790.81548","1374999821.84198","1367354744.70372","1425050961.82418","1560302776.69179","1476635917.80355","1600751246.1758","1645838071.6662","",
"Micronesia, Fed. Sts.","FSM","Households and NPISHs Final consumption expenditure (current US$)","NE.CON.PRVT.CD","","","","","","","","","","","","","","","","","","","","","","","","89400000","","","","","","","","","","","","","","","","","","","","","","","","","","","","","","","","","","","","","","","","","","",
"Gabon","GAB","Households and NPISHs Final consumption expenditure (current US$)","NE.CON.PRVT.CD","","","","","","","","","","","118667321.782242","134734846.621011","143634769.056489","330208801.563959","381380264.715099","506735712.129321","495081629.753818","660209242.28872","871238087.945068","1027634545.73527","1118896714.82884","1032637175.0568","989329926.110688","1011635684.05766","1063721041.84812","1078878162.49834","1612158480.55539","1693637528.20198","1832812705.18525","2299313222.56917","2960720723.09255","2403422527.66309","2774987973.27689","2118311907.66987","1803136607.29555","2047468141.26987","2229200631.49734","1792770102.72864","2089555540.36599","1995162896.94105","1634667643.27824","1811741097.33303","1990927873.71632","2429986643.87933","2731024338.48352","2877940126.66993","3110752846.39799","3677141692.72128","4216575845.56141","4246623283.09873","4404139032.23478","5021224207.66485","5055872060.29357","5680506393.13708","6278553005.78525","5442339301.95339","5671152360.24215","5967277898.5175","6513218333.09809","6357215782.35636","6429020661.92885","6649439900.87856","6146854786.38342","6685090126.22688","6998715103.31509","",
"United Kingdom","GBR","Households and NPISHs Final consumption expenditure (current US$)","NE.CON.PRVT.CD","54106198930.5093","56906469295.142","60273927009.5544","64179401686.6152","68506211777.7996","72826539871.8437","76968611644.5273","79801388019.9978","74668356084.7767","79246577863.976","86432102231.8215","98269535166.7072","114199650349.65","128234691327.781","141248370733.988","164444765486.726","155371933513.028","172222846677.132","218133277085.331","285837994493.859","364044699047.176","350390677250.804","333912361984.626","318090670001.516","300354076882.149","317391826232.033","402287000879.507","493684237620.526","607320891141.942","612933138089.005","726461882102.273","766753504409.171","804048901368.901","733583045890.822","787933904193.45","856368944295.408","909187207488.3","1024834643091.03","1094402119907.25","1122368548778.51","1101626569829.02","1091632359291.78","1176217026378.9","1342558367346.94","1577207982424.02","1641500000000","1725611775528.98","1965984393757.5","1866400735294.12","1551120112167","1587065481997.08","1703887871297.96","1737708289215.04","1802662287399.51","1972398492660.83","1876607568973.35","1741000538326.79","1720613294269.13","1856599641844.36","1822642048245.42","1597530354152.75","1883375082245.24","1910837817492.18","2064938048482.15","","",
"Georgia","GEO","Households and NPISHs Final consumption expenditure (current US$)","NE.CON.PRVT.CD","","","","","","","","","","","","","","","","","","","","","","","","","","","","4171628951.45145","5238019159.52713","5581976761.68918","5220691257.66974","4172185430.46358","3133811526.09448","3052335398.59018","3491294657.16061","2744511536.00794","3259476616.97115","3581801387.28324","3039729187.36783","2272352072.12387","2767410068.30256","2558572360.9599","2642447447.82356","3205648637.94188","3955185726.21035","4686885404.16787","6602663509.38227","8098931332.80495","10938548100.6069","9625755842.45792","9755778240.09085","12238589441.4155","13234545722.1101","13241211891.6644","13640173543.4824","11456738649.353","10940857176.0555","11830102066.4328","12396162556.7173","12150966231.5551","12788257902.6916","15355279393.9582","18274142137.0276","21996831224.279","24079466876.6452","",
"Ghana","GHA","Households and NPISHs Final consumption expenditure (current US$)","NE.CON.PRVT.CD","886658975.96928","1033735109.4239","1061749611.0343","1173807617.47592","1259251847.38765","1587021516.22938","1682270821.70475","1349888326.7137","1209980202.81331","1462958235.49227","1647298817.44438","1870842039.0062","1580280514.26236","2255289776.53894","2263975155.2795","2060106382.97872","2190677966.1017","2467714285.71429","3100523560.20942","3341025641.02564","3729564315.3527","3682151162.7907","3623716153.12792","3684898589.06526","3908855185.90998","3782116596.63866","4768102288.02153","4336680272.10884","4411585245.25317","4440277932.18455","5018509320.57886","5493792671.97998","5558534966.23555","4745397789.45908","4020673237.9039","4934607301.89969","5181501342.12184","5748800757.8273","5942505818.32969","6614771060.93166","4199232546.48856","4425058738.945","5098457125.47813","6217534761.48063","7150728353.13148","8699107057.04428","17111423145.053","22939134523.3155","27025072913.4494","23184641560.9762","30141414897.9393","33760162564.7349","34551648859.8895","47965599628.4114","39335681669.2315","36320098978.323","40506865840.2326","46057185838.9145","48584532811.7433","52108711376.4529","54233692739.5117","61667449004.0896","57455010578.4335","68650427207.9994","69109360097.3833","",
"Gibraltar","GIB","Households and NPISHs Final consumption expenditure (current US$)","NE.CON.PRVT.CD","","","","","","","","","","","","","","","","","","","","","","","","","","","","","","","","","","","","","","","","","","","","","","","","","","","","","","","","","","","","","","","","","","",
"Guinea","GIN","Households and NPISHs Final consumption expenditure (current US$)","NE.CON.PRVT.CD","","","","","","","","","","","","","","","","","","","","","","","","","","","1408910414.52681","1447184131.74526","1810508314.47754","1697970211.17531","1783699721.39172","2047822839.3553","2343194098.13999","2345669990.15363","2512239004.49741","2751086602.88891","2974564828.77634","2833424321.99378","2857229269.78548","2685512563.79685","2302743837.2791","2196026294.02624","2353157769.02905","2392952263.76228","2672585397.3913","2167641399.47568","3835990814.66375","5893766154.70017","6178390039.72375","6281142669.13719","5480756667.14648","5544493658.26333","6102990535.82935","7129991549.78281","7267278824.6825","7543994455.79384","7181323751.14049","7679963002.33722","8719743236.01285","9840219193.52677","10270093984.0529","11811822138.6341","14373938515.1391","15830268377.0635","17260102579.7516","",
"Gambia, The","GMB","Households and NPISHs Final consumption expenditure (current US$)","NE.CON.PRVT.CD","","","","","","","","","","","","","","","","","","94261539.0452499","122697980.817406","145206035.110908","151772562.541292","112671329.58491","131665727.601102","114721014.183792","96678122.9544834","178395577.258021","138173863.832787","156724598.552527","197100331.925998","214318218.710074","239681675.016297","569010015.98394","568938550.751682","672566600.240783","702467080.459343","657191926.251","792577716.041148","664631255.547091","742982674.220857","710941342.114658","703653923.226557","558208599.671145","511841835.140132","425338136.285551","874423157.604992","955576071.235736","904412766.817889","1116934682.88032","1454329983.07975","1310896515.77683","1440028068.01696","1211478565.93957","1109170164.64127","1176742702.45109","1074842339.25212","1125435952.79071","1172567019.84261","1294574839.75864","1478523130.84743","1567081164.86722","1590021309.99273","1830610456.7738","2018443312.94091","2211034508.39255","2073991952.12299","",
"Guinea-Bissau","GNB","Households and NPISHs Final consumption expenditure (current US$)","NE.CON.PRVT.CD","","","","","","","","","","","156933437.386742","164349876.128678","195477437.590768","207494725.423729","236687909.539474","233650186.712124","238101795.324499","253989315.038227","270066759.365994","272681331.053642","","282737027.272727","325929163.368841","332226536.60762","304991794.420702","391051067.665825","303239405.63569","369090986.669036","360769305.270902","482530741.441559","550991946.442863","576235668.359796","518428443.805331","529183587.11644","544883832.155393","625649957.865638","644624124.01878","667520416.67864","553103567.999266","562661579.820403","350383819.752562","381010649.08734","365206297.990913","391742985.422391","471795986.070658","541582366.328441","583823820.854882","627656031.955526","857653195.821119","765693162.798069","774268055.072959","906447961.293366","852291248.610452","878796114.855921","861898648.876767","839678919.884972","903593639.422401","1014218813.4384","1070333783.99903","1149746912.3353","1139815897.01786","1331689318.17884","1390470233.1836","1552990926.27023","1622720232.75424","",
"Equatorial Guinea","GNQ","Households and NPISHs Final consumption expenditure (current US$)","NE.CON.PRVT.CD","","","","","","","","","","","","","","","","","","","","","","","","","","","","","","","","","","","","","","","","","","","","","","1148532786.53249","2028210134.40492","2561650045.44442","3168660576.37103","3456464111.72878","3819019631.23412","4347585851.84713","4507994179.47878","5667313486.35325","6045775563.47366","5134187990.98255","5367384175.05545","5731427388.03949","6337287688.67224","6394020451.70296","6016784581.1331","6471476098.59455","6348140147.0019","6498836448.73487","6754876797.11503","",
"Greece","GRC","Households and NPISHs Final consumption expenditure (current US$)","NE.CON.PRVT.CD","3205071651.0003","3468369165.12911","3678407456.45691","3997485743.28261","4469049648.81238","4990510710.61529","5514186647.32676","5991486510.95304","6485517198.88852","7108623981.49462","8012818181.81818","8688715909.09091","9613875000","11997525891.8297","14640704545.4545","16605207226.3549","17688339552.2388","21529870490.2868","26376920222.6345","32118022079.1168","34337370103.9169","32304298892.9889","33543948979.5918","31006524767.8019","28999114268.4401","28461171971.3792","33859242940.6037","42144438852.5415","49096877251.9817","51738978178.7663","65181055460.0172","69811166573.1912","78968319628.173","74361868311.5339","79502348314.6068","93067745256.6554","99128462627.4066","95494903282.1665","96769901994.6962","95157626335.5948","87267401464.7484","90177009794.443","102238455144.774","131069203871.067","154264920402.959","163986675153.133","175602875880.473","206752527577.156","239790465571.4","225728973333.991","199840054907.5","197325632571.605","169946935053.321","166744063032.718","162645659480.94","133645720627.629","131330632901","137882249782.451","146820102760.98","141724340032.972","132323628243.678","146420030968.471","148981693570.399","162899569574.124","","",
"Grenada","GRD","Households and NPISHs Final consumption expenditure (current US$)","NE.CON.PRVT.CD","","","","","","","","","","","","","","","","","","","","","","","","","","","","","","","","","","","","","","","","","","","","","","","","","","","","","","","","","","","","","","","","","","",
"Greenland","GRL","Households and NPISHs Final consumption expenditure (current US$)","NE.CON.PRVT.CD","","","","","","","","","","","","","","","","","","","","","","","","","","","","","","","","","","","","","","","","","","","","697241651.186997","856660185.339582","880103253.175385","917807928.932272","1034020788.43052","1127805464.3947","1100120558.85736","1081155567.80448","1177209729.26095","1109249308.9311","1142760587.37478","1185272002.49017","992463183.572543","1014287883.12285","1049267343.87487","1099591281.75429","1050341954.88771","1053491267.09376","1126622028.26639","1029585006.08805","1084023505.80279","","",
"Guatemala","GTM","Households and NPISHs Final consumption expenditure (current US$)","NE.CON.PRVT.CD","876000000","914200000","984700000","1066900000","1078100000","1093900000","1138800000","1200800000","1278400000","1378800000","1493300000","1588000000","1682000000","2033600000","2469900000","2874800100","3396000000","4126500100","4674900000","5431499800","6216999900","7022000100","7149000200","7501000200","7851700200","8028608782.6087","5865935844.74886","5995680160","6598855343.51145","7044495276.98864","6397677159.57927","7891483749.8608","8820379760.3","9663825134.24601","11175506594.1879","12545945220.8034","13637989476.622","15469832132.1965","16487631161.6414","15511121010.6563","16186790313.0671","15600678874.7044","17289320978.8153","18522654270.9265","20494666101.8894","23871126143.9696","26531025088.5516","29773463074.0552","34938280440.2312","32422106485.8351","35588044075.7127","40656545737.1717","43305218708.3725","45342876680.0385","49329377309.2456","52433656829.0677","55857557042.9071","60841488082.5766","62888127498.1996","65485302099.6796","64880894731.0484","74363181172.1884","84629109266.5641","91184281306.3475","99588845282.4488","",
"Guam","GUM","Households and NPISHs Final consumption expenditure (current US$)","NE.CON.PRVT.CD","","","","","","","","","","","","","","","","","","","","","","","","","","","","","","","","","","","","","","","","","","","2222000000","2110000000","2242000000","2434000000","2459000000","2549000000","2779000000","2847000000","2860000000","2950000000","3206000000","3218000000","3260000000","3287000000","3384000000","3549000000","3604000000","3636000000","3567000000","3828000000","4140000000","","","",
"Guyana","GUY","Households and NPISHs Final consumption expenditure (current US$)","NE.CON.PRVT.CD","116608041.813229","120808031.313255","117074707.313232","95199762.000595","129324676.688308","138941176.470588","151176470.588235","152294117.647059","136550000","148350000","162850000","168150000","176809523.809524","198714285.714286","237272727.272727","234291666.666667","269480000","273080000","284760000","276800000","334120000","359107142.857143","320733333.333333","343500000","269921052.631579","271860441.860465","178116279.069767","186836744.897959","227800010","260110286.764706","287139243.037975","220599202.146691","205366956.834532","277452500.768049","380037808.387563","389580107.746479","409298985.042735","452413024.487188","463664565.935198","445118379.981798","471505079.756619","478415526.798346","475838699.289329","452141654.735602","463824734.314133","605513445.90369","","","","","","","","","","","","","","","","","","","","",
"High income","HIC","Households and NPISHs Final consumption expenditure (current US$)","NE.CON.PRVT.CD","","","","","","","","","","","1428324868795.98","1585097914064.41","1834058672287.12","2193101468584.46","2463858091500.63","2816376488023.82","3052820874132.27","3459535308438.22","4117549793894.62","4764698536529.43","5339099875436.56","5398676349802.81","5458526986747.63","5699382892729.47","5880676880725.26","6217570580928.13","7525825503928.12","8711837267626.18","9735525167169.61","10088054611638.8","11325090873101.2","11940787588345.3","12837918459980.4","13055794987266.1","13987014543763","15376749164638.1","15579615850202.1","15387394155848.8","15494260060496.2","16305087238289.2","16685477176699.6","16749702083537.3","17532341765239.2","19589328009078","21696990036653.7","22957960458528.8","24196765190728.2","26452952143059.7","28372502987575.6","26960372407014.3","28075893165527.6","30329102687495","30455218574083.2","30879861631084.4","31388598479234.6","29514754857186.8","30193698025645.8","31603281021028.9","33386940513105.7","33652816105575.6","32357137660956.1","36119485862692.2","37634077735648.9","","","",
"Hong Kong SAR, China","HKG","Households and NPISHs Final consumption expenditure (current US$)","NE.CON.PRVT.CD","933506626.081146","1069453209.10205","1195293069.52745","1319462489.32774","1456067411.55945","1543106457.24258","1747703143.25064","1863592866.46368","1950830717.6546","2202474727.58304","2517395094.83","2963143149.5244","3616821802.04016","5268823472.2627","6121333981.77075","6578095533.54527","7531805578.2091","9646289146.28915","11823641603.8971","13642922864.9438","17329493901.1266","18557133740.2871","19766332883.9587","19180839201.6316","20374520337.6823","21939351153.6117","24844511954.0586","28975731734.6841","33798616448.8855","38305407608.8246","44199364549.5683","52620282127.5106","61519526371.5924","70440456782.6368","81380701895.3558","89920762250.1675","98290669016.0421","108386334788.713","103755254938.684","99864776023.2034","100668231087.846","100989774002.244","96526351030.5341","92845025203.0693","99055341551.1043","104361482271.622","111831832635.949","125921739601.921","131822783408.865","130759505918.019","140328300318.425","157297276464.543","169533045992.757","182189014956.163","193803445230.081","205513722707.776","212580244130.246","228965636708.926","247040505198.699","251881177403.997","228845717526.943","239735503167.916","237951829151.736","266627737390.357","273726001056.148","",
"Honduras","HND","Households and NPISHs Final consumption expenditure (current US$)","NE.CON.PRVT.CD","269000000","289500000","294300000","425700000","447200000","464150000","499100000","522800000","587100000","597150000","655850000","676200000","707846814.689334","790199604.900198","914000000","1007900000","1160500000","1247850000","1567300000","1802750000","2154150000","2489400000","2578950000","2823350000","2987350000","3162900000","3365950000","3552700000","3290815450.64378","2979344827.58621","2435189688.71595","2481652152.65108","2718819913.05771","2730774543.05489","2634323565.78822","2959760166.84046","3070422297.2973","3566547528.51711","4011802067.94682","4433965156.79443","5084603916.61402","5546434750.0214","5760282649.12127","6078844467.98765","6557913422.63543","7350185123.01869","8480372378.01246","9615201824.81172","11093947563.2305","11457769474.6257","12373340178.1414","13749772560.7811","14566514120.1656","15156635040.5986","15871143677.4812","16260945743.1987","16700061283.0697","17885775007.2338","19400342086.4765","20447045007.4564","18897353705.3572","23848629211.6866","27409105347.8426","29868549044.7042","31897584776.8496","",
"Heavily indebted poor countries (HIPC)","HPC","Households and NPISHs Final consumption expenditure (current US$)","NE.CON.PRVT.CD","","","","","","","","","","","","","","","","","","","","","","","","","","","88695745954.1495","100490596665.848","107734805680.084","111788093390.931","134520063942.272","144241727062.061","105413525474.427","108816940122.879","92037206311.6534","109900224881.086","112121828001.349","117618364216.101","127196110382.474","128568904101.13","139154829881.095","130288153656.652","141454488557.076","156006948685.455","175087951769.517","202603815977.818","235596571944.741","279898876616.466","334342946494.707","341064310698.493","363774914386.168","395436028600.215","419129232308.995","469971418962.495","489124462538.918","479262866264.149","473332272174.624","509085835879.368","548611714626.547","567410823579.693","569598032663.683","638238831070.388","695504340968.825","754266833137.606","807595937252.853","",
"Croatia","HRV","Households and NPISHs Final consumption expenditure (current US$)","NE.CON.PRVT.CD","","","","","","","","","","","","","","","","","","","","","","","","","","","","","","","","","","","","14982120848.119","15235395934.3073","15734599059.5634","15994966279.8758","14423277400.1292","13770699534.5057","14720038242.1165","17405306232.4473","22264339939.1641","26146045454.602","28220787291.2711","29899295985.0935","35264216944.5811","41110440034.0049","36640251119.6752","34783288215.315","37685082914.4575","35027155156.3538","36314996779.356","35309153892.0382","29505466505.8632","30032363209.3015","31898260714.3543","34965077119.3046","34881319464.9686","33938643271.3537","39944456389.7138","42034524697.052","48442343154.7783","53169153011.2905","",
"Haiti","HTI","Households and NPISHs Final consumption expenditure (current US$)","NE.CON.PRVT.CD","","","","","","","","","","","","","","","","","","","","","","","","","","","","","","","","","","","","","","","","","6618284739.95758","6212249119.95086","5898080943.24568","4770796893.30756","5983111006.62724","7124110611.79252","7472090589.3082","9274321965.41027","10203552398.9176","11095109816.3925","11303603637.1279","12546711056.3693","13160482099.2384","14097964628.9884","14568448756.6204","14265686251.21","13542011460.1174","14355481019.888","16238542108.2354","14506144112.7705","14087009412.0614","20383091230.6867","20108891472.3629","19885034848.4952","25179024799.7649","",
"Hungary","HUN","Households and NPISHs Final consumption expenditure (current US$)","NE.CON.PRVT.CD","","","","","","","","","","","","","","","","","","","","","","","","","","","","","","","","19097221596.3069","22376921278.2146","23994681674.502","25102759915.4123","25066168615.6255","24768475178.3039","24358308724.4873","25297527958.0339","26655222230.3747","25700331562.3547","29009921898.8612","36899795356.687","48027482014.5809","57177904548.4543","61913434294.0889","61593222111.3171","76063352753.2623","84743154654.5212","70087243509.3705","69610930818.7693","75068339509.0896","69267482832.0221","70802257538.1658","70654661402.5407","61387096023.5562","64413950294.2326","71689647759.0187","79075560517.3721","80719717195.3485","77817803222.9785","87902568937.98","88199840309.5401","105153862347.949","","",
"IBRD only","IBD","Households and NPISHs Final consumption expenditure (current US$)","NE.CON.PRVT.CD","198166308876.688","210861048963.889","226281109164.002","243039000415.826","269824796510.996","284372469760.258","287933436891.606","306820356724.935","322882423666.253","351083097760.495","378010857752.881","413056886459.615","463204808149.478","582947702647.573","717446358023.767","769367551189.106","828569303260.597","941419687516.961","1054752358444.65","1213547819017.85","1443951117092.18","1608990930964.97","1598164954916.54","1569571335448.15","1603959253321.19","1663285238351.23","1765959311852.97","1767927182529.36","1900515684560.85","1905863358649.4","2186974127104.36","2145584904806.81","2215491389383.96","2375912716313.25","2629272692188.75","2995442002387.32","3280890310067.81","3481134907571.27","3357616515715.33","3252755068362.14","3483023027754.73","3513017591950.79","3510737938531.21","3879849578525.83","4491923698052.73","5294206866029.56","6103133455229.3","7467426977275.28","8800331259845.32","8626676082700.15","10254768188146.8","12032402032689.9","12808703680717.4","13594058475822.7","14070887034633.6","13285774243040.1","13494405716986.4","14795634028982.6","15527273632731.2","16012172866142.7","15078809278512.4","17673893464410.5","18726238957446.4","19941240374643.7","21054179088263.8","",
"IDA & IBRD total","IBT","Households and NPISHs Final consumption expenditure (current US$)","NE.CON.PRVT.CD","224270101824.984","239060637658.715","255359788627.204","274160482886.181","302733628929.829","320915218297.313","326147533002.99","347978646252.924","365426535166.823","397178378282.291","427720199750.945","467365050030.566","519844292872.442","645672714279.579","795789716439.998","861277541752.597","926692885596.428","1052027174217.1","1182921455489.64","1362285776180.68","1617941801720.3","1799539851559.74","1785490265767.11","1752862435522.33","1795477549424.87","1856319708375.07","1970502668196.77","1988009560482.51","2137831885352.66","2148925256927.94","2462942729983.88","2435879358649.66","2482611753557.97","2665414370145.25","2915448208269.42","3308758201953.8","3615799227030.03","3833191092796.07","3710866372526.67","3609166997390.75","3883133900738.17","3908718125045.18","3916489690825.37","4329932411448.66","5004947434073.12","5885804425150.4","6777497516295.84","8270349709788.34","9754250793962.22","9580725412950.16","11328054549761.1","13264268617718.2","14121163184926.2","14989791573074.5","15543664709243.1","14764176597774.9","15015470854983","16449680257172.5","17265936194267.2","17783956995055.8","16809559080574.3","19645269188835.2","20886596093859.1","22146993443031.8","23434884957246.5","",
"IDA total","IDA","Households and NPISHs Final consumption expenditure (current US$)","NE.CON.PRVT.CD","","","","","","","","","","","","","","","","","","","","","","221107360183.472","217035967226.32","212258574404.671","222423096617.577","223403768448.044","236664612598.163","256651854488.405","276898818983.718","286031296628.899","323260748145.712","348383209884.703","308416576736.386","335476247816.724","318377327130.215","343819515271.294","363368623156.295","380280139086.827","388680580910.421","399249615328.556","457057797643.274","448751756447.981","464523673490.844","515971879376.067","584791994347.52","668773564051.445","758984257177.646","893888166446.604","1065419308535.43","1073754193425.59","1178599761157.88","1339253031240.05","1427366344201.27","1519144844117.93","1614979504998.95","1657711109770.27","1711068197837.23","1856664937091.96","1952458097022.46","1983578668295.17","1955706793855.73","2212599640155.51","2444479545202.8","2468002373624.14","2680304112766.59","",
"IDA blend","IDB","Households and NPISHs Final consumption expenditure (current US$)","NE.CON.PRVT.CD","","","","","","","","","","","","","","","","","","","","","","","","","","","","","","","","","","","","","","","","","","","","","","","","","","","","","","","","","","","","","","","","","","",
"Indonesia","IDN","Households and NPISHs Final consumption expenditure (current US$)","NE.CON.PRVT.CD","","","","","","","","5254608055.60964","6258690920.003","7239263803.68098","7375342465.75342","7199938758.58064","8196626506.0241","11543855421.6867","17490602409.6386","21071084337.3494","25213975903.6145","30020240963.8554","34350187562.9505","31319134694.3124","43864974622.6411","56287196779.0427","63001271614.1357","49204077500.3401","52503170845.9433","51505879810.5494","51143647846.9037","47066460522.3074","53225545831.436","56627457068.6757","67388496928.1037","74896533640.4556","80452086781.7451","92452872768.297","105574129353.234","124466951682.516","141781326047.048","133076708201.634","64694378233.3777","103522314704.65","101736066245.604","101322506471.589","132310082252.202","159969308158.549","171486082504.397","183992161900.789","228472903174.055","274642139809.649","309306990309.531","316748382750.137","424492610024.92","494913450648.859","517579927882.518","518582560789.161","509003681729.74","494560910751.042","538874867132.174","581701454950.332","593885231701.263","648299754543.782","624142240218.418","660041259479.635","699718159840.626","746266471935.574","773552837989.209","",
"IDA only","IDX","Households and NPISHs Final consumption expenditure (current US$)","NE.CON.PRVT.CD","","","","","","","","","","","","","","","","","","","","","","","","","","","","","","","187163178460.772","204464624184.934","166243853478.567","176969045667.124","172797800999.753","178809967555.535","183129602586.564","191152263351.83","202374679994.643","205408638576.067","220546395414.44","213641454517.3","225998825750.261","249321522473.729","276477436355.148","317527530251.301","363684935108.677","431277703753.291","527010920957.958","539389019458.859","590739000202.258","663465109106.178","687010005486.804","735983375255.907","781057628387.797","784213204521.623","807063326037.539","860055305534.737","924130846952.044","966707683907.216","972565447260.039","1083764993309.07","1211632899511.82","1253536606486","1341714293221.43","",
"Isle of Man","IMN","Households and NPISHs Final consumption expenditure (current US$)","NE.CON.PRVT.CD","","","","","","","","","","","","","","","","","","","","","","","","","","","","","","","","","","","","","","","","","","","","","","","","","","","","","","","","","","","","","","","","","","",
"India","IND","Households and NPISHs Final consumption expenditure (current US$)","NE.CON.PRVT.CD","32358165148.3652","33836023965.224","35635242686.7427","39562974846.1749","46575365343.6653","49162114202.3142","38707992398.8273","43321513636","43341665520","46884618708","49741148332","54069447322.4275","57366815914.8053","67992176025.8046","81211608470.8454","76548241974.2552","77047104161.814","92616879898.3667","105103169441.825","115965674376.563","145049606793.043","147329049355.693","150831505491.585","164885548470.894","158279394158.225","169684411538.808","182155960114.183","199368387446.505","207967273426.957","201815984043.611","215297110744.63","181019397632.818","189480489765.511","182803350849.828","212207757311.817","229501236908.962","253635429159.278","265788579929.495","268858940979.239","293688999920.155","298550533197.194","311394593993.008","324564321153.821","373758757683.006","413801594528.279","470725784099.706","527579310268.622","678458456736.447","679495591747.003","750919037637.281","916978209675.807","1024686726935.43","1031901615358.22","1070321337241.86","1185297671140.85","1241270296331.75","1360706267075.67","1557082229430.68","1602521651332.49","1727204283214.7","1634284260295.02","1930463468899.9","2056639148049.27","2189937048135.12","2400031587720.89","",
"Not classified","INX","Households and NPISHs Final consumption expenditure (current US$)","NE.CON.PRVT.CD","","","","","","","","","","","","","","","","","","","","","","","","","","","","","","","","","","","","","","","","","","","","","","","","","","","","","","","","","","","","","","","","","","",
"Ireland","IRL","Households and NPISHs Final consumption expenditure (current US$)","NE.CON.PRVT.CD","","","","","","","","","","","3064105084.10508","3510377539.28708","4154095200.62943","4871871502.99055","5468171607.43878","6154759581.88153","6171835550.52363","7301042725.64913","9452669888.25128","12106806898.775","14476732480.984","13792129547.4712","12992498323.273","12531904668.6894","11969496329.1788","12821838094.4449","17405204535.8203","20341922986.8914","22623508098.3803","23332005804.2192","28184570795.8838","28670356192.1663","32104563848.3184","29292743342.2491","31798558303.8869","36235289141.4141","39965913558.4677","41589837631.3276","43809682628.6868","46927118580.1086","47020843328.4989","49832281475.0036","57304025794.7625","73220294974.4116","85067084823.0106","92451766900.1463","101740197070.302","122049100393.467","133265820746.42","111779880144.444","105229207183.184","110022371711.022","101981284120.445","107120454822.206","110991740897.255","96196073513.8597","101054389829.643","107351888473.655","118651641583.011","117318361672.4","107549066830.282","125508849936.273","130718143461.903","147584117428.65","","",
"Iran, Islamic Rep.","IRN","Households and NPISHs Final consumption expenditure (current US$)","NE.CON.PRVT.CD","3436647872.63979","3534213723.26135","3657991294.9454","3742451285.03571","3784681280.08086","3973988154.42119","4314740528.23377","4782182887.18181","4891398391.60892","5645713475.51884","6335955463.49819","7669841532.99889","8719765873.46062","12042530693.4294","16980447099.4026","23577481420.3276","25772598399.2116","33958611272.3928","39175458090.2341","47380250583.3024","54424096214.7736","64407237665.2046","77933090865.4417","97817951432.4903","106482708322.411","120749775166.246","149959740313.902","92364111077.7138","92385841335.6577","86204510920.0911","84717671416.2279","82150091803.4592","73368963538.3333","33419604108.5886","36907271307.455","48241163903.6639","57053409229.0294","59693894408.3108","63877321186.5876","59283828089.3097","54496851434.0429","63719504588.2454","59933154413.0435","67512837781.5866","80130133953.2745","92695360369.9989","110056516409.081","144879224425.04","169170772752.643","184238010879.98","209060042209.72","265931601780.314","307877293335.277","234420567683.706","218886900431.808","218596709099.287","235558397600.43","240508603716.283","192342218849.993","164524712643.691","122228756874.979","169075661518.58","178736173497.986","198992315958.344","216094593835.56","",
"Iraq","IRQ","Households and NPISHs Final consumption expenditure (current US$)","NE.CON.PRVT.CD","","","","","","","","","","","1617559352.97626","1818670438.47242","1871432862.72154","1682733575.43744","2361666102.26888","4877074161.86929","6043684388.7572","8717236708.4321","8902472062.30951","10063664070.4368","12006333333.3333","13854000000","20118666666.6667","22091612903.2258","25210322580.6452","26124838709.6774","27089354838.7097","29691612903.2258","32585161290.3226","51563870967.7419","81596774193.5484","384498559.07781","304661856.661857","321582341.428984","1356883604.50563","5362008203.8246","3842844303.20831","6380639050.16097","6563348462.04779","6739766279.62973","6548747688.39575","7113361382.8008","7992026536.73886","10089136868.1555","13445517518.6383","18786764961.9508","24212635386.2859","34244132797.7542","41146870375.8406","58336915749.635","61560960683.7607","65179783504.2735","86866018230.64","90649009777.0154","96086015780.446","92858245229.2571","94765439796.7824","96333091722.973","98991424984.1471","100386955329.949","94600408165.9163","84596831200.6897","91168585241.3793","106973875356.261","113100015164.769","",
"Iceland","ISL","Households and NPISHs Final consumption expenditure (current US$)","NE.CON.PRVT.CD","","","","","","","","","","","316047727.272727","399815909.090909","490618626.7845","638230333.962055","873128564.282141","797991541.964867","921819728.824724","1216116558.55584","1392843495.26023","1611037719.7958","1904216066.36652","2017957005.62","1887319030.07732","1629081222.72852","1733716795.45146","1843584395.18451","2392563533.6535","3411048990.1027","3688216650.3929","3396365910.61292","3809322024.30178","4126399604.72097","4239203731.28233","3566903741.24302","3604382552.42736","4068576015.16114","4276732812.03008","4312628571.1868","4866068761.51204","5286417959.14305","5345926872.39239","4529194525.81791","5038723523.56546","6447082519.65219","7807237094.98416","9843353736.08525","9841049415.78797","12041206962.7664","9363418262.40308","6751930209.38479","7071364531.31575","7893762915.69034","7886354498.09263","8461508126.97729","9341183829.06348","8703212634.89903","10245066600.1865","12387823350.945","13205731364.1926","12383921372.3212","11238665592.7614","13284800417.0012","14428626825.7356","15507911562.8329","","",
"Israel","ISR","Households and NPISHs Final consumption expenditure (current US$)","NE.CON.PRVT.CD","","","","","","","","","","","3726666666.66667","3295000000","4187500000","5440000000","8117500000","7633333333.33333","7737500000","8778000000","8594705882.35294","11093200000","11869019607.8431","12971052631.5789","14521275720.1646","16660729537.3665","14600439972.7149","14504952073.9673","19375735313.8863","23665228270.4126","28743518043.655","28847813087.0382","33419488641.9998","37202973980.9574","41292497661.7462","42559569979.8594","48820845538.1754","55558852654.9995","59589017764.8275","60993344639.6475","61784170679.719","62405517791.1443","69856339244.1076","70919917255.1537","66832880239.7737","69914581146.6591","75107347835.7876","78798334558.9054","85379338165.9859","100835158345.707","122810880434.783","115989266841.289","131078073001.29","147198830149.712","142802849988.623","160493676536.093","168836272699.959","160487784914.884","170998726490.014","189208752828.98","197949645676.33","208829581769.863","199470793835.5","240066941895.145","258337652556.596","245632154266.739","","",
"Italy","ITA","Households and NPISHs Final consumption expenditure (current US$)","NE.CON.PRVT.CD","","","","","","","","","","","66839780049.5663","73713146067.4157","86266301460.8234","104302583859.183","117399755879.726","137526912811.388","133434919748.779","152209260478.385","182255466575.405","229556129107.434","284353680759.665","256817848748.084","255514793128.132","261649130545.64","258980180736.169","267336721427.847","378648947915.314","474370602031.67","520635672418.923","547057167654.53","681984499030.381","722956188543.78","778503676355.067","622877480004.922","648578872478.386","691434922144.3","767740117957.084","734005229649.841","758270659083.305","756966016861.932","694307446197.021","694899067457.56","754899540204.08","936944111884.9","1065659324388.5","1102200781537.12","1157640142314.7","1307184155548.16","1431436733275.08","1329484148534.26","1297153173081.67","1402619439697.47","1279277056951.52","1304463725690.04","1310312944326.07","1116099181046.33","1128574836815.84","1182032296710","1259094726854.12","1203076418406.27","1100978249063.82","1221669852561.61","1228075009837.36","1342801449857.47","","",
"Jamaica","JAM","Households and NPISHs Final consumption expenditure (current US$)","NE.CON.PRVT.CD","","","","","","","","","","","","","","","","","","","","","","","","","","","","","","","","","","","","","","","","","","","","","","","","","","","","","","","","","","","","","","","","","","",
"Jordan","JOR","Households and NPISHs Final consumption expenditure (current US$)","NE.CON.PRVT.CD","","","","","","","","","","","","","","","","","1363322820.74685","1728080858.39152","2181431492.84254","2818538089.38745","3070571452.54678","3391913035.32032","3990728867.60551","4233238496.30521","4101023500.18857","4422426354.13367","5129069681.05473","5164288732.16549","4573167473.52334","2937818495.72554","3117315944.26498","3146727843.65793","4068588945.86492","4031169760.88654","4200515242.59339","4346318493.15069","4866854724.96474","5144287729.19605","5799576868.82934","5892383638.92807","6820592383.63893","7274363419.15109","7322002820.87447","7844287729.19605","9307334273.62482","11055430183.3568","12801410437.2355","14826939351.1989","16855792928.2325","16818309859.1549","17892957746.4789","21784507042.2535","24440845070.4225","28939436619.7183","30083098591.5493","30719718309.8592","31622535211.2676","32867605633.8028","33223943661.9718","33240845070.4225","34878873239.4366","36507042253.5211","","","","",
"Japan","JPN","Households and NPISHs Final consumption expenditure (current US$)","NE.CON.PRVT.CD","","","","","","","","","","","99205378675","114841391474.28","153326950221.409","206745832532.516","232517075411.913","265996995934.802","300816846315.576","371452240423.076","521940708932.688","552928500228.165","580659501951.127","635272821918.255","603950911506.375","667333440836.809","699469734446.21","737059594408.89","1087989660562.14","1325631319678.51","1580324724525.7","1569495464047.25","1607754545297.58","1822394877166.47","2018281691542.05","2349173275010.84","2635857537291.67","2924942270645.42","2582294760666.34","2363199215808.79","2172104567194.76","2507944214041.65","2666457261368.43","2380808186365.55","2303178135068.75","2481109429112.38","2678015213553.56","2647737850917.54","2532249979148.63","2511319833380.75","2847678249217.54","3047494872827.97","3275101496783.86","3566611065023.05","3617843744484.67","3030367387436.98","2822215470000.11","2478973235600.48","2737086702090.04","2692912469722.29","2761125896024.88","2792100108597.71","2732699054563.74","2695365336429.29","2365527747770.91","","","",
"Kazakhstan","KAZ","Households and NPISHs Final consumption expenditure (current US$)","NE.CON.PRVT.CD","","","","","","","","","","","","","","","","","","","","","","","","","","","","","","","","","","16591057363.3543","16502408767.9152","14486951036.5042","14156654024.846","15630820215.4101","16219360675.2346","12216192130.4521","11320286142.8712","12829109028.8764","13451338758.9065","16799705872.2715","23100378579.0422","28480132450.3311","37036331776.293","47288791086.1489","59263855085.5469","54797939264.6208","67184600454.6843","81271448648.7742","93467799144.9409","118072596164.285","107347834428.037","99049420535.7148","74877521919.5698","87719804486.6258","93432651602.3882","94973526541.6404","90680317623.2022","101789326555.649","111478913433.225","135304211195.51","152372515073.167","",
"Kenya","KEN","Households and NPISHs Final consumption expenditure (current US$)","NE.CON.PRVT.CD","568903646.438541","564535648.185741","624469596.212162","671957577.216969","688239612.704155","699159580.336168","769999412.000235","820959951.616019","874775510.089796","915179493.928203","965019473.99221","1149791400.08344","1310119475.95221","1480605016.97425","1913519234.59231","2223555883.65987","2140515074.13819","2501038776.8543","3208535532.52569","4021506000.62151","4506355432.8213","4231667141.56776","4084247630.42667","3655937937.05105","3976440755.86891","3573187800.452","4337849079.56752","4962097887.92021","5142068281.5784","5705830030.0105","5348266805.41853","5177367223.71095","5525087233.12437","3630870904.29456","4461616088.68419","6265638467.07416","9163235904.93522","10122686089.0895","10950192738.7119","10133688834.7058","9947116621.76293","10333006207.7489","10336023724.5505","11494241823.653","12155953105.6991","14128258729.1182","19687247727.4362","23922198652.3584","27038943090.9588","30690867721.5844","33066966716.1544","35626309736.9835","42411178039.1442","47176778658.3168","51943671450.1249","52952688101.5328","57164247777.3543","63917075528.6203","71091178701.7248","77715659624.2162","76941963224.6941","82822041208.1252","86623962405.3042","82726093225.2635","93412283469.071","",
"Kyrgyz Republic","KGZ","Households and NPISHs Final consumption expenditure (current US$)","NE.CON.PRVT.CD","","","","","","","","","","","","","","","","","","","","","","","","","","","","","","","1895705140.15787","1629792496.90807","1637577771.66987","1533542240.04395","1318340886.92559","1246042903.73082","1500511578.86515","1218545297.42186","1452467399.88828","969857397.27607","899667205.955085","988617902.96112","1084322744.34528","1495094450.13911","1681714834.86862","2080012492.0081","2696021956.07291","3326732367.61125","4756441302.20236","3671406010.81836","4055816322.16387","5169090493.67109","6327767190.01608","7128233606.55306","7169289972.43787","6046860893.8448","5641203874.48214","6322533275.45918","6822485717.67243","7246816416.06945","6320767534.88569","7910191373.14144","10761962858.3907","13400006961.3814","15887384133.6634","",
"Cambodia","KHM","Households and NPISHs Final consumption expenditure (current US$)","NE.CON.PRVT.CD","439999985.714286","442857151.428571","465714294.285714","482857134.285714","514285685.714286","619999991.428571","642857134.285714","662857142.857143","762857120","720657258.215962","480734591.28556","","","","","","","","","","","","","","","","","","","","","","","2562599852.06396","2652515550.62272","3263141349.06969","3436888621.28392","3110171377.66012","2983841994.1427","3159655987.37839","3265153087.70109","3466570480.68298","3632870509.82895","4151986147.65016","4816247672.50952","5868571248.18571","6767847011.7346","8010561255.27299","9625490447.80058","9965662696.1963","11074899755.943","13092065706.9853","14109890857.1039","15513857929.2818","16786898226.0062","17948576865.3678","19599257060.727","21062185689.2521","23459024343.5293","24478343152.1963","22401742182.0112","23107806075.4289","24003768085.3782","25539852954.0739","27708720520.351","",
"Kiribati","KIR","Households and NPISHs Final consumption expenditure (current US$)","NE.CON.PRVT.CD","","","","","","","","","","","","","","","","","","","","","","","","","","","","","","","","","","","","","","","","","","","","","","","104589980.645408","120772307.890634","131480581.02263","124745327.401476","146354579.6807","178641475.941424","180253582.602902","180756654.733943","179634617.507943","172228318.485013","184157365.284266","204029720.215953","199661444.592406","196428147.947967","198489289.467729","275010355.594856","294660210.806296","326859067.812193","","",
"St. Kitts and Nevis","KNA","Households and NPISHs Final consumption expenditure (current US$)","NE.CON.PRVT.CD","","","","","","","","","","","","","","","","","","","","","","","","","","","","","","","","","","","","","","","","","","","","","","","","","","","","","","","","","","","","","","","","","","",
"Korea, Rep.","KOR","Households and NPISHs Final consumption expenditure (current US$)","NE.CON.PRVT.CD","3371089108.91089","2031385100.13086","2346153846.15385","3223076923.07692","2872618562.73676","2615983135.18578","3102777905.74469","3864086764.32915","4645303547.86821","5579176626.3836","6681890983.84252","7522450831.41892","7972120738.86558","9628649405.74415","13599935718.7448","15237809917.3554","19516322314.0496","23829545454.5455","31515702479.3388","40808677685.9504","41640182242.4714","46478685247.0008","48980815068.9072","52109298853.7648","56053419966.2074","57712236500.3103","63529449403.0433","76832600364.1039","100109464757.393","128372262180.176","146180041318.846","171212701981.432","186542817864.274","207274887787.123","248450860033.122","305378262154.284","337374214264.52","315788931483.717","200496747373.606","271753837240.005","326232860209.159","314812548402.604","365807273555.352","396680486016.363","428525951542.592","513179210923.911","587248197379.425","648796517390.824","581727344222.345","516519229715.02","610738374003.424","681630934569.463","697751974673.207","739444329018.957","794974070134.114","766423700376.453","777728873353.191","837224429903.144","901433723520.863","877375998352.437","833785067736.437","915049297972.983","882264230583.205","921453055441.203","909306243696.708","",
"Kuwait","KWT","Households and NPISHs Final consumption expenditure (current US$)","NE.CON.PRVT.CD","","","","","","554399778.240089","649599740.160104","783999686.400126","831599667.360133","856799657.280137","1109639556.14418","1179450600.67734","1299289555.5238","1479236070.83609","1923240923.61957","2616263033.04463","3522044413.73933","4755274526.6361","5372055567.47245","6441819905.48765","8836576062.62741","9555391789.37174","11520921048.5185","9241209426.47276","9236882815.08603","10254129135.869","9443693112.4073","10066137592.7195","11050106261.3563","12465492768.3735","10459375000","10240651988.0817","7611792774.36946","10405959933.7748","10286195622.8956","11596660054.6829","14025296500.7732","14104546248.7102","15120621087.0336","15688123121.3968","15664445545.5873","16153214078.4265","18911270951.6508","20462263264.5665","22243298269.4265","25979109589.0411","29014804808.1165","34894832766.8588","41469266594.2536","35498375523.3942","33346010390.5348","37356099558.2997","41167775491.5409","43794874977.5203","47136861969.2375","47609508329.677","49483025250.1349","52252040217.5705","54952726556.187","56574340521.2591","50810330695.908","57396989156.0553","59791020408.1633","63343913277.0155","","",
"Latin America & Caribbean (excluding high income)","LAC","Households and NPISHs Final consumption expenditure (current US$)","NE.CON.PRVT.CD","44126648150.3778","47096257611.5433","53322180952.9187","58083305784.1237","66609877341.3179","69796982999.886","77035614466.3181","80136156305.3271","87530148828.1993","95816138290.7106","104106098497.325","117381060773.142","132315549518.083","170206130693.585","226001078364.953","235894042966.836","263120206935.127","283933883143.413","341982810784.832","384212998853.792","454411487959.673","530416800700.083","488364527681.965","402704306487.274","433444548888.146","427837651278.035","437086409226.125","459474881901.954","503421546090.341","530682343632.7","633353453663.56","709669242061.237","788000143127.054","910448163337.623","1059732834707.1","1128085035924.91","1241303953348.91","1358528472791.13","1355399187214.44","1208698694864.05","1346886085882.22","1316891534751.53","1167549335366.1","1194043526425.91","1336324542478.63","1620170635539.36","1856821220139.06","2172231431833.17","2511685500734.67","2343109912654.53","2901981054425.93","3370342772728.17","3390345878716.2","3514265087782.92","3563559798326.16","3043076106566.74","2949787730187.26","3292792163448.49","3205006595786.85","3152757793615.42","2609324291622.93","3021264305800.4","3573040620796.78","4011144285370.97","4152701350070.78","",
"Lao PDR","LAO","Households and NPISHs Final consumption expenditure (current US$)","NE.CON.PRVT.CD","","","","","","","","","","","","","","","","","","","","","","","","","1597142911.34694","2128888900","1572631569.66205","972492666.046129","562482783.180107","","","","","","","","","","","","1517153863.41711","1593923112.52534","1262479353.3857","1581049455.49639","1816357449.41145","1959798113.21707","2349743609.15563","3030353782.08886","4143992441.91522","4053010159.18147","5319700250.69883","5757819600.28333","7798618152.97017","8880988764.12539","9636582076.23652","10275931664.7813","10453643444.5525","","","","","","","","","",
"Lebanon","LBN","Households and NPISHs Final consumption expenditure (current US$)","NE.CON.PRVT.CD","","","","","","","","","","","","","","","","","","","","","","","","","","","","","","","3316909057.68901","4938792989.21492","6887726438.73446","9132636957.32071","10107442752.2171","12034505270.1369","12764714718.7222","13667424488.4703","14158397817.6043","14419263531.2406","14512769485.9038","14814593698.1758","15895190713.1012","17034825870.6468","17635834109.4527","17629626426.534","18678880421.2272","21271588530.6799","25665083956.2189","29798131686.2355","33789610059.0381","35933845445.4395","40702402442.4544","43289581011.6086","45494064451.0779","45338426841.791","45083583340.6302","47515405383.7479","48820796311.1111","48320280146.7181","31758649945.7701","27540367673.3305","29469208905.489","27314358309.6425","","",
"Liberia","LBR","Households and NPISHs Final consumption expenditure (current US$)","NE.CON.PRVT.CD","","","","","","","","","","","","","","","","","","","","","","","","","","","","","","","","","","","","","","","","","","","","","","","","","","","","","","","","","","","","","","","","","","",
"Libya","LBY","Households and NPISHs Final consumption expenditure (current US$)","NE.CON.PRVT.CD","","","","","","","","","","","","","","","","","","","","","","","","","","","","","","","13998312009.8031","18355846228.3776","18245232691.5359","19676709268.3247","17203072612.8691","15009147544.5121","15588369963.37","18157121592.8274","17263577529.9739","18356615086.7487","15545012592.9831","14864543254.9284","10975590551.1811","8911746406.25","11663381384.6154","11576535041.2914","13788814012.479","15892590553.9562","18435600321.0299","22437524630.365","21313967835.2117","16651772002.1697","23041706957.5004","25022961534.7112","24771809538.1805","21548497332.0494","24823482111.5833","26312292835.5168","26136456046.1901","26694548879.5742","24365092567.1885","11569358223.9156","12659834724.4802","14621381820.4182","15254951773.5992","",
"St. Lucia","LCA","Households and NPISHs Final consumption expenditure (current US$)","NE.CON.PRVT.CD","","","","","","","","","","","","","","","","","","","","","","","","","","","","","","","","","","","","","","","","","","","","","","","","","","","","","","","","","","","","","","","","","","",
"Latin America & Caribbean","LCN","Households and NPISHs Final consumption expenditure (current US$)","NE.CON.PRVT.CD","56567094505.4108","60539046515.7317","68359191126.8657","73564434540.4536","82169526527.0857","85748991506.5543","94219839886.3306","97609819820.3179","106030518868.022","116262752306.374","126205872406.659","142790339659.246","160301895994.21","206403967896.857","263235386254.919","272250004423.803","305880714055.38","335667652765.634","401468254265.555","456558913792.671","545372955203.504","634730722380.571","583843271665.49","505222015441.28","514975244721.277","511096970335.143","526658310966.068","541500514099.56","599250912894.254","618563808405.181","728501050777.635","818927396756.769","914627928726.219","1047039124301.07","1203987637253.79","1298789888784.43","1409041328096.12","1540913533001.08","1550619757887.51","1404125386609.37","1551233366139.81","1524531320004.53","1350975544188.85","1378344084893.69","1550034748026.35","1871591282502.14","2149907927105.37","2520319888899.08","2933353942243.62","2800963261353.81","3418395455403.82","3882527545339.43","3928765782881.56","4081775919789.89","4127874424794.05","3568103456035.17","3476808122059.91","3867414275025.25","3793024964283.42","3731343916548.93","3113306260778.71","3627829346318.53","4228266631587.69","4731078752556.14","4885099437503.43","",
"Least developed countries: UN classification","LDC","Households and NPISHs Final consumption expenditure (current US$)","NE.CON.PRVT.CD","","","","","","","","","","","","","","","","","","","","","","","","","","","","","","","159350538301.16","174304104493.513","132906055377.171","144340234420.793","144138893351.909","146090681912.968","145785235678.624","151407028251.268","159719146999.421","161208786955.969","177751814609.331","169463537535.708","180080974655.333","198878132024.716","221848632813.706","254974990362.385","285372425968.643","335832758368.017","405043373523.086","426053041448.87","463692694489.38","517811584617.957","557015795795.926","610837730002.486","676910596770.644","680944520997.411","672463592311.711","725694984804.953","779806459129.884","810971173352.747","825493828711.19","925255248842.253","1069137116392.94","1067495926383.31","1132183539757.57","",
"Low income","LIC","Households and NPISHs Final consumption expenditure (current US$)","NE.CON.PRVT.CD","","","","","","","","","","","","","","","","","","","","","","","","","","","","","","","97444839323.5818","111025769346.086","72786938061.4457","81284130765.3298","79861626545.3124","73664057082.1579","66836655064.8084","70464435476.8366","74001805356.5869","72713420749.1738","87713174580.38","79071083800.65","87622232958.581","96687530395.2749","108854276969.741","132309854476.565","153272429457.858","182196141574.714","227260944076.192","238210572601.189","253528921428.204","281121423344.52","276189874932.815","272761347602.147","296234076404.277","288408871631.303","259663569705.52","263135277073.216","277004853833.236","285028300233.817","270485553778.799","289393073008.153","344789529151.522","346682940213.552","372154984658.139","",
"Liechtenstein","LIE","Households and NPISHs Final consumption expenditure (current US$)","NE.CON.PRVT.CD","","","","","","","","","","","","","","","","","","","","","","","","","","","","","","","","","","","","","","","","","","","","","","","","","","","","","","","","","","","","","","","","","","",
"Sri Lanka","LKA","Households and NPISHs Final consumption expenditure (current US$)","NE.CON.PRVT.CD","1086082584.03361","1045520242.64706","1051154908.02469","911043701.344538","985846848.907563","1276537394.95798","1314645378.15126","1393748971.19342","1348289662.35294","1469124873.94958","1714053781.5126","1765925801.0118","1900847571.18928","2137250000","2652977443.60902","2809825962.91013","2657838287.75268","3033316798.19617","2017003203.07495","2479436095.05459","2961573502.72232","3244812987.01299","3499125420.47093","3786566510.83723","4421737421.38365","4367879234.16789","4672922912.20557","4867944972.82609","5076387928.32443","5075506241.33148","5826340489.2661","6518863911.04665","7017574720.51107","7466434188.74172","8449943342.7762","9382425365.85366","9992860502.98534","10835626072.2156","11299239820.4056","11247718200.0284","11863046978.0945","11241640555.0582","11785825779.8453","13566214256.1127","14657495799.9802","16843432835.8209","19126375529.0496","21723890495.9503","28479542430.3686","27110591004.3782","","","","","","54410778816.938","54736251063.2803","55783752949.2982","56907048766.8091","55799694426.4462","53051130876.4437","54197973226.8483","51204425839.3327","59267204131.3167","67994062219.898","",
"Lower middle income","LMC","Households and NPISHs Final consumption expenditure (current US$)","NE.CON.PRVT.CD","70734779186.7733","74769483253.0387","77793983853.3094","84827456359.051","96336328863.8025","102951560846.032","88656196210.5223","97852922213.9373","99915196204.9261","108045004079.87","116487309952.396","126620490283.994","133705545178.544","152920580364.771","180961023042.839","186295807418.806","192485957266.67","224498658049.933","256653494062.46","292622927008.048","358396873483.606","365348952220.802","376021285580.382","388644955148.737","387032005605.47","409393044613.904","437651167405.41","474274056933.854","494640478660.895","496894248368.538","531413201599.361","500152043102.683","535422726298.57","545908524679.188","589610542332.074","660907019393.756","735644938361.277","767979189096.274","769640726212.768","822815964873.893","861746389740.381","872445446059.541","889679533216.221","991575952484.638","1098406339459.61","1241151173986.15","1403765832616.02","1727276664140.15","1912725938905.76","2028986248616.56","2358391407547.24","2661971348114.14","2842181063821.68","3017407309490.88","3282221113590.29","3396732917287.55","3598678373577.78","3902296817550.89","4058282828358.6","4289999583719.38","4198395755625.78","4826049627252.42","5191002485587.82","5310132370057.09","5768110911537.76","",
"Low & middle income","LMY","Households and NPISHs Final consumption expenditure (current US$)","NE.CON.PRVT.CD","171755478326.165","182892159962.01","194717048557.64","209774275430.458","233346210053.173","248062837798.515","251282965366.686","269020259362.749","282491079858.64","306757428911.229","330400905712.28","360568349577.491","401636492028.408","496443251268.93","618629052304.525","674536009699.115","722283650427.537","815203445700.485","916061280198.572","1049638922294.59","1238011118841.09","1374963908338.87","1374593717183.04","1345891859415.12","1403233931285.41","1450882048485.99","1539167675915.82","1557876646054.05","1672086154320.67","1775669660214.47","2047877116206.1","2034333461384.24","2138544491842.65","2280646513353.59","2520635573091.15","2865631984507.69","3162997675111.66","3355194032180.9","3273412877794.02","3235872663239.86","3489083266292.4","3462537577902.51","3451270264022.28","3801702879499.33","4329090881028.73","5046126639203.25","5765889840480","6966771875096.85","8099282600950.76","8133793750734.76","9694973886738.65","11354506848169.8","12101519537064.5","12847415384130.5","13502060582307.2","13207340593704.1","13486038901647.1","14668556003551.7","15389911919627.4","15864892230610","15035041712194.7","17551696047906.2","18556265728820.4","19738469462187.9","20851166894928.1","",
"Lesotho","LSO","Households and NPISHs Final consumption expenditure (current US$)","NE.CON.PRVT.CD","37379985.048006","38499984.6000062","44939982.0240072","51939979.2240083","56699977.3200091","59639976.1440095","69719972.1120112","69341972.2632111","71665971.3336115","74787970.084812","81339967.464013","93258409.6854521","104328596.051904","157213898.80382","211191843.138178","234750672.068456","253460063.365016","316365079.09127","359720089.930022","442149442.473662","562079981.099952","604464843.304843","","","","","","","","","","","","","","","","","","","","","","","","","","1625299015.73588","1571967637.23725","1659900581.49511","2114884532.36427","2343225705.58823","2264362640.03897","1979992590.05928","1881037904.45399","1806542397.63504","1614485495.23165","2065150124.95308","2179416999.91371","1998887692.06503","1823685054.56402","2019819025.7613","2043470554.54705","1966830070.10639","","",
"Late-demographic dividend","LTE","Households and NPISHs Final consumption expenditure (current US$)","NE.CON.PRVT.CD","109216113431.865","117506740515.48","131299804523.095","135668755774.292","141763213836.182","147530150427.295","163252839770.227","176828655600.443","182533627160.534","193899198737.687","215051227881.928","237277760193.836","274359783602.378","345885089654.222","401389248624.291","432261868822.478","488450542663.23","561601233045.745","585044678815.397","692086730443.611","779933927120.243","838278245537.558","866227403357.155","795447378448.108","815122148926.398","854991464513.443","932536595169.648","935421723483.605","1033272764228.98","1021330833463.01","1099162337802.48","1083555854006.71","1035188164091.13","1115528065561.44","1334069036688.31","1708835156358.95","1905762751535.54","1993477027711.98","1914080979140.83","1720783097199.26","1855612545551.69","1893332914397.38","1979665432341.97","2196900437394.06","2581891460214.2","3080549509889.15","3626233350720.87","4506066214331.4","5525007476839.09","5372325616334.9","6261597129508.33","7563054376705.07","8064981837887.78","8729723405310.17","9131790264889.95","8496263913619.84","8651043302246.56","9576198796663.26","10332118648874.5","10615013178118.9","10074043905361.2","11881793211888.6","12398919675294.9","13099358128861.1","13692327698172.5","",
"Lithuania","LTU","Households and NPISHs Final consumption expenditure (current US$)","NE.CON.PRVT.CD","","","","","","","","","","","","","","","","","","","","","","","","","","","","","","","","","","","","5022392295.99594","5373442382.39102","6202265861.02719","6871702201.12214","7122982304.70436","7482473025.46396","7980142425.55028","9166890203.81328","12067217146.0801","14705180079.4834","16815653688.2697","19367688543.1045","25140666392.994","30974135811.503","25363166527.6619","23774233511.1217","27167261102.1455","26690138480.2481","29015442587.3169","30063900669.2068","25903259343.6699","27150774838.3938","29707471038.4624","33033366671.5168","32891692539.1686","32829846930.7409","38459282571.3405","41433171684.257","45738908562.6361","","",
"Luxembourg","LUX","Households and NPISHs Final consumption expenditure (current US$)","NE.CON.PRVT.CD","","","","","","","","","","","687607099.63695","777715229.054891","951503070.296032","1191611467.60505","1371028376.13919","1685170560.49139","1809965517.24138","2107840180.07878","2553252209.55553","2979900935.60815","3302176851.97958","2872786831.81226","2591792336.21755","2519690729.78304","2409864562.97124","2516742985.25715","3465854253.20571","4374827660.72393","4813958310.47724","4861992219.49222","6165397151.13472","6674680448.90726","7217577164.36637","7118001399.25373","7858175789.72751","9266468253.96825","9185056677.52443","8328274695.53451","8782503889.75328","9060421369.74519","8506495590.39688","8730133594.17993","9834087778.53492","12342447354.347","14053020007.1773","14442066714.098","15543634156.3306","17740606606.8585","20098323531.6422","19291566240.3871","19328148267.1334","21237477488.395","20507402350.3465","21693866534.8985","22511990475.5176","19543946412.4285","20303865132.9678","21809811190.3353","23836860569.5953","23478413127.0353","22266860718.6289","26004144781.9531","24960165456.2686","27629828077.6985","","",
"Latvia","LVA","Households and NPISHs Final consumption expenditure (current US$)","NE.CON.PRVT.CD","","","","","","","","","","","","","","","","","","","","","","","","","","","","","","","","","","","","3793449800.34227","4065279479.32619","4371065811.75901","4572131538.18658","4910684602.45016","4981624565.46929","5182585627.93821","5892254433.83356","7255843069.73312","9009682580.98088","10435345364.0324","13718097567.0931","18591668718.3696","20681324367.7825","15980455935.5018","15173059524.2152","16907985225.626","17044040932.5212","18839842017.4574","19231516846.3078","16320855845.6785","17044266808.4032","18491327547.2059","20519645561.2353","20097329194.596","19608577457.6421","22523756373.9841","24368050949.7277","26673094564.4142","","",
"Macao SAR, China","MAC","Households and NPISHs Final consumption expenditure (current US$)","NE.CON.PRVT.CD","","","","","","","","","","","","","","","","","","","","","","","699022925.928145","670938900.4828","709241041.149421","768986310.768484","850725768.79178","962694736.253353","1145562416.2997","1308707134.52013","1498817103.91932","1763063372.58331","2064637969.62047","2343756863.7787","2652920756.71179","2924913131.1468","3175712994.57722","3296807189.00324","3246491594.50326","3222532955.44836","3143572683.43737","3150308084.8945","3228756622.48008","3275927004.31267","3583942551.21213","3925445618.02956","4381718958.59563","5093795880.31341","5907150899.42657","6129166513.7621","6693145162.14694","7865223750.74331","8921178132.69412","10087548839.0344","11253480443.3483","12021851080.0305","12118477100.3709","12472213746.2978","13286454877.0289","14058660771.9253","12136593757.8154","13190004112.1564","12491435432.6474","14543634873.1737","15414906696.433","",
"St. Martin (French part)","MAF","Households and NPISHs Final consumption expenditure (current US$)","NE.CON.PRVT.CD","","","","","","","","","","","","","","","","","","","","","","","","","","","","","","","","","","","","","","","","","","","","","","","","","","","","","","","","","","","","","","","","","","",
"Morocco","MAR","Households and NPISHs Final consumption expenditure (current US$)","NE.CON.PRVT.CD","1569262304.63848","1630624722.11189","1892397831.04008","2058587449.0415","2130176741.77797","2244051465.37193","2232194886.26595","2332382832.49251","2492051184.76669","2713571215.43566","2905311540.97726","3159233570.01512","3703377673.4481","4540481786.72051","5230324637.44634","6234936719.10607","6512099620.93647","7421104218.95187","8930798711.96934","10666804475.045","13144001264.0202","11055289565.7944","10750515272.8979","10446628566.8644","9210555407.75272","9057385471.52936","11928243378.3421","13308004031.4742","14947874919.2969","15164635015.5569","17730784539.1516","20096406877.5807","20814496861.0916","19351784643.5101","22222736618.494","24565566007.0258","27258650972.0882","24021747244.673","25198690196.2597","25282683746.992","23946609617.9183","22688440883.9266","24432734289.0845","29604459201.183","33713715715.7006","35691297864.593","39291213692.1452","45799407812.158","53960962927.3611","54458924426.903","54773832212.7255","60365333209.722","59362608210.4018","64022930689.2246","73561171768.3933","65103681269.8605","66200416906.4497","70318730977.8644","75720464150.0806","76112115574.422","71688003397.3381","84646643416.1756","81479943232.0341","89277378603.3516","96629882756.3149","",
"Monaco","MCO","Households and NPISHs Final consumption expenditure (current US$)","NE.CON.PRVT.CD","","","","","","","","","","","","","","","","","","","","","","","","","","","","","","","","","","","","","","","","","","","","","","","","","","","","","","","","","","","","","","","","","","",
"Moldova","MDA","Households and NPISHs Final consumption expenditure (current US$)","NE.CON.PRVT.CD","","","","","","","","","","","","","","","","","","","","","","","","","","","","","","","","","","","","998945989.82404","1158813260.86957","1322887229.43723","1294100372.43948","874385036.392315","1138452394.35713","1284418736.5934","1379716569.66036","1794160916.90216","2313668875.67629","2792095875.86932","3200636003.58783","4115338908.04283","5639586110.29745","4879896575.70159","6292353633.7377","7819324439.72081","8112741303.94271","8666489761.14259","8789249018.39105","6830058296.43475","6936040062.18082","8264513138.11775","9584875561.62783","9968693716.64752","9498844291.03499","11440229222.4651","12324096280.9815","14331219199.2728","15803332495.8689","",
"Madagascar","MDG","Households and NPISHs Final consumption expenditure (current US$)","NE.CON.PRVT.CD","574593827.095478","584859256.318538","608902450.041118","636757732.334628","669466180.277331","702620267.932737","737208401.356273","759132874.625789","814705662.884389","832081856.725702","882902929.139983","966190850.647233","1094547765.41204","1376819127.83816","1626430130.39888","1964753872.83923","1811230446.37219","1993298352.01457","2280803042.25477","3028798446.09485","2054503487.07572","2410475978.99558","3019237389.886","3024788407.40695","2324417854.19909","2634475482.26166","2963352609.3837","1994959441.37285","2355420418.77827","1531408766.23192","2351021166.4897","2003791782.811","2030560603.66831","2249056101.20272","2080054934.87152","3191704168.03908","4034154891.38371","3408065223.58402","3312300308.18907","3205376063.75149","3487054763.70957","3780391776.74524","4318043074.7764","4795581761.96349","3543142057.3445","4396978125.24418","4473355377.87265","5589027128.32594","7091447936.81923","6917374416.70332","7385475996.07646","8499314510.88641","8558454150.77549","9648591340.07272","9156151731.89405","8300555980.04671","8474399461.41864","9435451849.9026","9909982252.93951","9999744208.21687","10046811595.2844","10793294982.8661","10853298402.8756","11358064083.8721","12468871679.673","",
"Maldives","MDV","Households and NPISHs Final consumption expenditure (current US$)","NE.CON.PRVT.CD","","","","","","","","","","","","","","","","","","","","","","","","","","","","","","","","","","","","","","","","","","","","","","","","","","","","","","","1358352718.4024","1688055769.46117","1928135744.44406","2236643370.11402","2493759754.58645","2654630087.47473","2205167733.22359","2444522828.71881","2884153581.43842","3387993229.77873","3656985621.60102","",
"Middle East, North Africa, Afghanistan & Pakistan","MEA","Households and NPISHs Final consumption expenditure (current US$)","NE.CON.PRVT.CD","","","","","","","","","36322398775.2986","40098235406.1388","45673720566.4088","49711759561.6493","54154871518.4672","60814905367.1665","81595937671.0539","106008113854.984","119803281030.968","154384123273.346","179614466461.792","219777919161.796","261070759072.732","293241284809.517","338278212072.515","370964493247.963","391461574586.468","416542229878.382","459881403320.307","401875523637.144","413655620081.891","433619395680.996","492224606835.034","405712623263.106","418637477834.583","400174692339.266","415751745225.942","452874131074.177","486132110437.716","507129598769.141","520290541933.282","525942857009.181","565060019272.558","577651118248.042","572780686824.644","617119655849.777","702699702570.678","784316348974.593","897570174033.758","1089964272043.62","1304195385910.86","1311698741628.54","1405426587827.89","1596633845763.81","1761368565274.54","1768677165994.71","1881497832210.24","1922795532977.56","1993468802504.64","2022799688903.52","2058723740196.39","2084899166297.97","1992290268454.09","2236298147104.92","2468453207846.17","2483418315824.66","2677738373021.6","",
"Mexico","MEX","Households and NPISHs Final consumption expenditure (current US$)","NE.CON.PRVT.CD","10068640000","10885520000","11727040000","12670792000","15009512000","15972960000","17807200000","19457200000","21756560000","23704960000","25561744000","28702520000","32445312000","38959128000","50267528000","60473880000","60505659276.5461","54316506445.7538","67810128695.0411","86642363516.7726","126737876345.257","160919641036.1","107019290096.096","90609822305.8604","110767708606.43","119027811517.02","88609476063.8341","92344462963.1914","123869702895.379","153528821157.088","182790817318.786","221691205361.728","261113761745.944","376806699282.999","388859384726.515","261548290228.486","297531374384.034","360560621509.738","379460943261.863","427689902345.07","512090516815.613","551330488543.451","564703651672.884","540857328363.218","572956687273.674","653556551395.444","706781282955.273","764185549265.606","816278198538.202","652096646273.442","779798818978.272","859111261920.621","868071999698.089","939133026469.168","966186180877.114","838984074978.04","766668949217.796","812497140176.399","846633393856.75","875343173844.726","741637415613.279","899555819959.819","1035049733521.8","1254651564580.93","1303510778177.03","",
"Marshall Islands","MHL","Households and NPISHs Final consumption expenditure (current US$)","NE.CON.PRVT.CD","","","","","","","","","","","","","","","","","","","","","","","","","","","","","","","","","","","","","","","","","","","","","106574700","115139700","115145500","124509400","123013900","122075400","125350000","133805800","138817500","146783600","143059800","142193400","147054700","161698400","165404000","174839600","169688100","171299397.468567","186262395.381927","187208135.604858","198025819.778442","",
"Middle income","MIC","Households and NPISHs Final consumption expenditure (current US$)","NE.CON.PRVT.CD","165784518789.407","176570829396.552","188024493401.911","202336801207.099","225382972459.052","239235002132.418","241868992702.985","258801914846.43","272385442664.972","295827620734.727","318670085936.039","347576245345.124","387687844079.201","480499527019.697","597979764637.492","649631620765.499","695800559287.511","784633110102.253","880488335034.19","1009506985382.17","1192011896822.42","1322959992576.54","1324607636828.47","1295962846112.82","1350779153857.24","1400634429355.75","1487035264412.55","1500593475252.56","1608881040854.9","1709192524666.95","1963122349268.44","1939475129252.08","2073219242103.52","2208090389152.63","2448248040939.47","2797812231521.77","3100275202099.32","3289023782497.81","3204451577785.06","3168070733913.9","3408173565343.18","3388896795862.39","3370520215473.88","3712613524264.21","4228679980651.21","4924565887957.96","5625249666544.02","6799336393608.83","7891775601076.18","7917102632546.61","9462061386066.88","11094901109017","11844188381321","12591561353482.3","13225055762270.2","12937533812264.7","13239856147648.1","14417042088947.9","15125221902741.8","15592489837668.4","14776569715123","17274806494155.3","18228346284522.7","19405824611348.3","20495039734879.1","",
"North Macedonia","MKD","Households and NPISHs Final consumption expenditure (current US$)","NE.CON.PRVT.CD","","","","","","","","","","","","","","","","","","","","","","","","","","","","","","","2996855123.67491","3063617346.93878","1619583775.28973","1823817887.93103","2562155447.50834","3151416573.64476","3437503869.01803","3178401511.89417","3189479850.00771","3219216437.12395","2846858743.50894","2666999504.52057","3108153014.69817","3944570934.44091","4603689707.49262","5019125701.29956","5423758529.07129","6447801921.47891","7789420780.70095","7215597529.05716","7106426035.94695","7756581524.31025","7200881181.45134","7761878336.83821","7931390076.61778","6928668821.68353","7141820928.74391","7536404432.94191","8352123476.12921","8257472628.26859","8163477889.88043","9489683709.45403","9688312257.68421","10850947663.934","11327611100.3806","",
"Mali","MLI","Households and NPISHs Final consumption expenditure (current US$)","NE.CON.PRVT.CD","","","","","","","","227731653.20207","269344136.769357","264345465.324292","281619803.03429","310392227.700693","383079020.539284","480736651.989074","547758399.101757","765894198.622668","815616666.605427","837912158.362527","1104487150.47772","1403115316.74699","1865591490.10434","1640906158.57812","1275376778.74211","1201852833.33607","1167240235.80104","1460878097.18345","1747589504.59059","1773264395.27325","2147401075.55393","1932869323.97561","2403515726.88465","2908442266.76265","2882238049.29146","3076233225.31421","2236412186.21429","2790410951.08812","3092175113.2325","2630254969.99017","2736785683.89172","3116398168.89057","2679513787.35011","2983162459.33387","3299753204.15401","4012317352.18826","4770716115.00257","5787597809.61502","5746513338.84574","7340935161.19564","8724380562.10851","8452750229.93464","9267247755.59341","10310858964.7113","10374861300.811","11656074191.9091","12365515250.9837","11506490861.079","12186342513.815","13332535960.3587","14714582985.0624","14622246057.6961","15076327298.8196","16901295857.0777","16847317938.547","18274529644.3346","19382151705.5313","",
"Malta","MLT","Households and NPISHs Final consumption expenditure (current US$)","NE.CON.PRVT.CD","","","","","","","","","","","199119180.113191","207164045.322971","236719526.121271","274338379.517266","311845008.135369","346425989.396455","358665555.892154","458647821.119103","543259789.997126","645579334.379229","824363059.699638","811757372.295511","833305591.260309","796724032.497598","773568167.490905","797924576.126174","981520188.415011","1141887151.62796","1315918613.08517","1371651541.26359","1629058482.78694","1718556959.8062","1871614581.93116","1648514477.90274","1807277816.33703","2284349263.36621","2435572773.7037","2378184372.20994","2500080128.97371","2607134389.26687","2587054452.85577","2625472430.5174","2727110765.12736","3351016400.80952","3861501842.44255","4100299795.02508","4365786749.71316","4959534484.16944","5585382359.69316","5324645867.82346","5325432502.34132","5944736023.77973","5687596445.99283","6154762570.64136","6380848838.19026","5596106293.16649","5789811756.96049","6345902890.29897","7385314449.00877","7543232544.41582","6995673404.23931","8143976958.94449","8371535218.9055","10326579835.5528","11311445304.022","",
"Myanmar","MMR","Households and NPISHs Final consumption expenditure (current US$)","NE.CON.PRVT.CD","","","","","","","","","","","","","","","","","","","","","","","","","","","","","","","","","","","","","","","","","","","","","","","","","","","","","","","","","","","","","","","","","","",
"Middle East, North Africa, Afghanistan & Pakistan (excluding high income)","MNA","Households and NPISHs Final consumption expenditure (current US$)","NE.CON.PRVT.CD","16518811178.1518","17007857085.6446","17047562940.3271","18909679932.3346","20099486974.7981","21864140784.1699","23162375964.916","25826922385.6655","27112745491.1261","29935682717.5761","34032043964.9297","37917157643.4783","40337295940.2595","43907942649.7591","57208218785.1612","75916064022.707","83684557226.1983","102871748921.275","118445421287.112","140096792650.8","166589013456.601","185020178191.699","214141055754.203","241389421821.981","263509325292.431","287182355327.908","331384469497.76","274836803552.359","276273766783","290248534627.01","333508861977.746","246426503047.276","253619623806.679","229669194069.644","236597807046.25","257483375318.419","277682680438.386","294123069465.746","306065030550.811","309268025249.692","335039141283.169","343993849651.498","331400638310.815","360018419966.839","411977441563.109","464278644888.979","528876316585.19","645122171687.639","766610496442.76","819133618532.965","893113988689.714","1031709895213.5","1175095904019.79","1123772093077.41","1174914872928.8","1181820175086.21","1210221950956.64","1188911540261.98","1171626282052.28","1166912508702.77","1111566036172.85","1236356238745.18","1345556292584.97","1294016601098.78","1413283897407.79","",
"Montenegro","MNE","Households and NPISHs Final consumption expenditure (current US$)","NE.CON.PRVT.CD","","","","","","","","","","","","","","","","","","","","","","","","","","","","","","","","","","","","","","","","","688729617.024028","869392799.570124","1039249220.8896","1267074522.22097","1516142289.54557","1576857356.05024","2549159703.92673","3235720503.69559","4068637615.35081","3388771603.22312","3337221085.78845","3657651576.94588","3369949559.18894","3600312240.6019","3674363249.40749","3147511250.466","3360247547.93169","3636298669.46225","3987228336.28375","3931237770.06605","3854310037.323","4307696092.98573","4820856100.85433","5736269208.7249","6527597804.76802","",
"Mongolia","MNG","Households and NPISHs Final consumption expenditure (current US$)","NE.CON.PRVT.CD","","","","","","","","","","","","","","","","","","","","","","1208968266.66667","1157667166.66667","1537248600","1170169725","1212821900","1743009266.66667","1958027100","2090430800","1929259700","1302120000","1309126315.78947","636199530.516432","342152885.58893","375668491.955805","777879226.945454","787118232.39479","637706173.495867","658046093.696512","618392590.823864","853894599.376355","958320052.473473","1077039992.25081","1118687947.04066","1291772441.36407","1392331362.65541","1614945010.63761","2058509231.17038","3162111397.47968","2678591537.1802","3969815304.98255","5359604457.82902","6517483315.90035","7020658397.46313","6924120623.32302","7192706603.79565","6790003077.35743","6459632701.10909","7637417028.1756","8134879145.96325","8050570296.46574","8102208268.22066","8892189448.10451","9049203222.52678","11761909064.9202","",
"Northern Mariana Islands","MNP","Households and NPISHs Final consumption expenditure (current US$)","NE.CON.PRVT.CD","","","","","","","","","","","","","","","","","","","","","","","","","","","","","","","","","","","","","","","","","","","459000000","470000000","477000000","425000000","474000000","480000000","504000000","431000000","442000000","446000000","460000000","490000000","525000000","529000000","571000000","654000000","678000000","683000000","637000000","717000000","726000000","","","",
"Mozambique","MOZ","Households and NPISHs Final consumption expenditure (current US$)","NE.CON.PRVT.CD","","","","","","","","","","","","","","","","","","","","","","","","","","","","","","","","3422164941.98546","2519811376.98615","2487977297.20717","2449527257.03426","2741519666.88286","3658511178.7988","4113592443.52468","4305504302.76162","4295179635.21572","4151696457.65472","3549232098.83711","4458910242.97409","4984327019.79168","5858940453.63024","6602276483.22609","6802041795.64729","7770945449.2106","9352239986.08761","9222010920.00596","8506411091.43999","10723762477.8103","12568651489.0362","12699462382.3969","12773693553.8031","10674609007.4366","8119529783.83596","8872670609.38905","9887050364.57786","10530951683.3966","9803063044.69877","11686066728.7864","14336973890.3798","16335799933.9228","16814575865.7382","",
"Mauritania","MRT","Households and NPISHs Final consumption expenditure (current US$)","NE.CON.PRVT.CD","","","","","","","90996277.0845643","104048812.120581","119687697.830521","116457293.26241","125615409.267598","132511940.624609","164481223.525498","278689839.778526","395716360.787968","410790565.431483","464659248.704807","486597892.20981","473002091.957758","581341651.032304","577198364.858884","634645336.667783","821720376.046206","784269740.549777","735419257.897668","607800872.283843","783006198.722689","823358267.302469","809684766.830236","865161907.984251","985923348.757583","1386613742.2734","1582368949.77694","1468418982.75936","857316220.918471","1492478704.16457","1692052173.68365","1752846361.68334","1461850970.49314","1434376004.25785","1351813956.38509","1339085903.22458","1375087559.14725","1565191978.10136","1745985704.75591","2017136754.51807","2276227453.4624","2700663100.6927","3277514617.44888","3079624728.57079","3161790432.17912","3315378097.18776","3567910619.64803","3760125803.47848","4047927987.44735","3939222661.46597","3876671630.28222","3979682082.82314","4225553920.53815","4332163840.48844","4378871944.07984","4888802152.59083","5417582239.06863","5826896514.2449","5654511263.96163","",
"Mauritius","MUS","Households and NPISHs Final consumption expenditure (current US$)","NE.CON.PRVT.CD","","","","","","","","","","","","","","","","","440468306.262418","543791813.549482","677237345.404838","815458454.420882","853949849.901591","814297073.74508","763482347.747309","758059831.54226","713098734.646476","719961938.763345","891109533.847236","1140685857.36675","1307140903.68719","1395431156.42357","1683120095.7354","1768525689.62993","1962462327.81827","2006411963.94497","2218498809.07222","2532041938.49681","2726597577.33242","2571512767.71173","2556236814.19101","2699657044.95166","2792852576.79386","2728905226.49084","2923874210.66684","3510018861.01004","4159603050.5936","4412797498.58228","4691739802.36638","5413676384.51416","7218963535.37739","6686743972.11497","7321760372.13654","8452846883.66001","8663868305.76747","9006311707.77527","9535551306.77782","8713769407.84501","8965929013.94673","9875350797.74005","10677395209.5808","10592296219.1767","8286389183.11625","8395324844.61757","9112872607.02842","9846439670.20289","10263068738.497","",
"Malawi","MWI","Households and NPISHs Final consumption expenditure (current US$)","NE.CON.PRVT.CD","","","","","","","","","","","","","","","","","","","","","","","","","","","","","","","","","","","","","","","","","","","","","","","","","","","","","","","","","","6752686154.82577","7432526630.60197","7984404145.20754","9415946788.47098","9899730071.852","10210880507.9823","11382902523.3743","","",
"Malaysia","MYS","Households and NPISHs Final consumption expenditure (current US$)","NE.CON.PRVT.CD","1187108407.759","1253748505.49781","1334761957.65087","1600342347.16878","1676129124.98938","1779029275.9096","1881929426.82983","2032196313.88793","2098183077.33518","2196183221.06872","2317703399.29832","2591849973.46229","3054736277.62669","4218832494.99658","5307704355.54972","5448867421.71885","5789717006.18711","6830583886.53397","8455805205.60508","10238333938.0253","12378249083.6669","13277925459.7732","14227161864.0468","15706192784.0603","16894218485.5878","16223245519.0045","14138996731.2843","15503417554.4265","17353098748.5408","19424905550.0468","22805859790.1936","25640456793.7155","29743982408.6072","32300284177.5459","35851242188.6908","42509170653.9075","46424199061.9286","45348498828.8736","29993375458.6221","32909473684.2105","41037105263.1579","42794210526.3158","45390789473.6842","49124736842.1053","54887105263.1579","63422805677.813","72129561905.0008","87392573065.4425","103187119978.728","98784991813.0301","122705782240.591","142921428508.403","156124658079.3","167491031953.001","177210452020.557","162616927333.648","165051280153.683","176760121345.695","206037423825.255","218272887190.493","205888852146.863","216822304116.19","234948922036.338","241825507173.033","256552030754.117","",
"North America","NAC","Households and NPISHs Final consumption expenditure (current US$)","NE.CON.PRVT.CD","","","","","","","","","","","696497575114.598","756007032046.547","832156061472.188","921975274747.383","1016430873009.75","1126415036074.68","1260110610931.35","1390143599552.29","1543254260040.73","1716995411692.89","1898518146034.54","2096575820627.8","2240640776424.41","2467666769780.9","2684801712440.08","2911836734936.03","3097410529069.16","3315421424241.09","3608486475222.01","3889023158468.05","4143027281175.81","4295527024455.61","4541823066545.75","4787167010777.23","5050568931103.53","5302380792312.22","5602000742214.48","5911000048708.67","6240926362894.52","6667241463863.35","7175373244983.33","7483059176106.7","7777198494969.63","8241684019042.13","8796242626734.64","9408803327613.26","9998002676695.57","10553445259004.6","10898952956497","10685660593821.8","11185287642174.9","11704500016976.9","12074729711609.2","12424740449322.2","12885134552572.7","13200477428032.2","13623854625491.5","14250321036022.4","14936706755327.8","15428271011725.5","15150342166822","17134809384579","18678096462857.8","","","",
"Namibia","NAM","Households and NPISHs Final consumption expenditure (current US$)","NE.CON.PRVT.CD","","","","","","","","","","","","","","","","","","","","","1200524250.35373","1671699312.54052","1590879740.21381","1656659833.94668","1413747274.57962","902339326.281311","1077001388.16437","1613826452.71467","1527710793.37822","1569605700.9689","1486280437.56457","1925096593.47086","2011496332.06569","1951628310.9254","2077959348.85623","2301231484.78737","2336532926.26395","2559938298.10228","2348972357.42592","2326073953.21765","2374936626.67144","2294081295.30556","2067846870.81475","3243178590.5917","4011984393.06636","4192228729.69086","4483530020.24501","4985454380.76024","5341635172.30665","6229713674.58189","6985962675.21572","8110530799.55206","8921097965.7596","7874546000.9282","7777411477.22004","7788631765.40207","8033985676.7056","9104922375.04697","9531519640.93541","8680980136.20885","7320148224.52919","9558088976.17682","9472894207.07859","9151017341.79002","10597686693.7012","",
"New Caledonia","NCL","Households and NPISHs Final consumption expenditure (current US$)","NE.CON.PRVT.CD","","","","","","","","","","","","","","","","","","","","","","577871120.00792","551498543.173482","495060937.36064","456283158.668567","468269213.881404","705160319.807033","","","","1955257477.20307","","","","","","","","2498002592.00181","2524677049.6863","2225111423.64042","2293746045.36937","2510447501.02957","3147912773.8655","3676410678.80293","3965911461.2131","4287711462.21969","5018998667.64742","5849036873.48241","5666139614.80873","5759369754.85334","6387155738.3153","6154688527.37958","6489076971.77506","6673748266.54714","5710558178.10183","5740518298.95431","6018805965.30568","6342319998.94069","6042612607.42133","6101798504.58704","6422150293.49333","5857820916.89966","6047924605.39588","5614551598.3592","",
"Niger","NER","Households and NPISHs Final consumption expenditure (current US$)","NE.CON.PRVT.CD","384647342.52582","415052186.922763","453169027.57469","475726207.350137","504999659.547979","606565847.414913","622966817.393095","594031490.644154","565207832.099031","576777480.111273","577127733.539435","604877799.905742","638078134.584825","801215158.56604","959224028.84185","908377491.508911","903624380.035808","977604075.586436","1254478793.50441","1499398916.36039","1882638011.04655","1754477550.30405","1679150740.62818","1484067558.56877","1325171396.97326","1275761984.41268","1480910141.22589","1819988233.57805","1612935503.56935","1685108007.17445","2573137542.1562","2450164916.37927","2599910172.8882","2328788794.51087","1449844627.21475","1713272389.84422","1719323322.34254","1647331924.0743","1916665326.07686","1849738046.74035","1618078897.61283","1791494851.00849","2051202369.1023","2527481523.43066","2875971115.99946","3173955141.98795","3428198048.86102","4197931528.71859","5091096849.69737","5347752411.37064","5610148926.70683","6287373206.89822","6454548392.26773","6884251399.83504","7039261934.8051","6520758998.91954","7209568879.97087","7996601151.02425","9000813042.00161","8865852054.05586","9791000749.22774","10745413992.1114","","10676928703.5827","12258993881.4039","",
"Nigeria","NGA","Households and NPISHs Final consumption expenditure (current US$)","NE.CON.PRVT.CD","","","","","","","","","","","","","","","","","","","","","","","","","","","","","","","","","","","","","","","","","","","","","","","","","","","","","","","","","","","","","","","","","","",
"Nicaragua","NIC","Households and NPISHs Final consumption expenditure (current US$)","NE.CON.PRVT.CD","","","","","","","","","","","","","","","","","","","","","","","","","","","","","","","","","","","3329492485.11905","3460588725.0996","3604565666.86426","3725614021.38402","3902048333.96444","4056288485.72094","4345039596.6949","4598256199.4361","4641511277.02161","4745325453.90182","5077608002.18507","5534293658.22583","5502809294.57135","6055710251.00894","6832673539.02788","6749531757.98676","7050041671.25349","7546971011.90045","7968376407.80027","8334857510.26867","8734870214.06916","8993173916.49694","9351875985.16081","9564207436.96512","9189713544.85242","9065729734.34824","8873826643.56035","10534754331.9546","12504010004.7886","13934502727.8744","15881928102.3801","",
"Netherlands","NLD","Households and NPISHs Final consumption expenditure (current US$)","NE.CON.PRVT.CD","","","","","","","","","","18212175804.4598","20362780787.7275","23210535087.7193","28048932298.819","36753070313.7317","43004756947.2908","51563957825.0261","56660584264.044","67298739337.344","83106740680.383","95145176315.5004","102477095987.586","84154028967.5881","81365615251.2998","79211216894.4483","72821483516.4835","73327261146.4968","101596846555.136","124857568537.859","131024574646.003","128115601163.878","157380215418.129","163072182932.579","180017667919.799","175580798528.714","187337561448.117","222633818281.636","225335947712.418","207517506211.882","219442346145.301","227016778056.371","210118160451.765","214632242502.362","237067625438.824","289819128716.078","325445894799.615","334509748345.525","346405903824.705","393077770251.766","434509700399.219","398255014482.812","385132623116.667","413158766215.954","381796795255.078","399021111820.001","404188392622.744","344854358612.5","349826766685.215","369700591492.942","403366822368.627","395786854517.646","383195372591.441","426862805310.071","432879862822.959","486433561237.263","","",
"Norway","NOR","Households and NPISHs Final consumption expenditure (current US$)","NE.CON.PRVT.CD","","","","","","","","","","","6664660012.03993","7573803483.60946","8910020946.54078","11323493704.2561","13312634258.1728","16505194283.4185","18187666086.3191","21531323377.4772","23248383343.1891","26422858948.283","30284256559.7668","29534802683.1606","29558878215.0604","28891782248.7802","28263431967.1629","30997417763.9231","40506173340.3654","47813729128.0148","51226944913.3037","50403070461.2934","58555681582.1845","59829088833.701","65329310483.5465","59969129276.441","62933291770.5736","74332617754.767","78605538156.2219","75683829558.6281","74808683781.5271","76551697610.0113","72706719080.1881","74236240088.0812","87422530624.5146","104614558910.765","117243947305.958","129538843616.608","139072240500.211","162276131497.688","177438297872.34","163141866641.223","179851096098.166","200743591552.313","202252685861.624","210108595744.681","204454165564.665","167936509248.734","168025952380.952","177915414064.074","187883430679.373","179433977272.727","159726064253.474","189330384167.637","188901447516.685","182146292205.744","","",
"Nepal","NPL","Households and NPISHs Final consumption expenditure (current US$)","NE.CON.PRVT.CD","","","","","","","","","","","","","","","","1298212248.00304","1174325216.09547","1095040000","1269948424.86078","1478416700","1599583250","1867583325","1953567444.49915","1990359204.08829","2087770174.89827","2005061474.00388","2260295063.41077","2331129345.19372","2778346860.12242","2809121871.70222","3059674551.55437","3234676433.32277","2764291759.46548","2901370833.33333","3335485714.28571","3305130548.19277","3453136499.54587","3793862879.18639","3735141242.93785","3899102281.08904","4168915592.87679","4819496598.63946","4968489301.98867","5239972053.5317","5790540770.04284","6467224776.25244","7446047090.41309","8362130957.97127","10071426371.5407","10256635126.856","12571048438.3385","18268089188.7697","18009879859.5706","18679790183.6167","18784073147.7487","20356551364.7316","21686945322.1908","22741743147.7328","25544499241.3915","26179605394.342","28489794162.6324","31523897271.7911","35007033398.5618","35364235163.6803","37051405579.0463","",
"Nauru","NRU","Households and NPISHs Final consumption expenditure (current US$)","NE.CON.PRVT.CD","","","","","","","","","","","","","","","","","","","","","","","","","","","","","","","","","","","","","","","","","","","","","","","","","","","","","","","","","","","","","","","","","","",
"New Zealand","NZL","Households and NPISHs Final consumption expenditure (current US$)","NE.CON.PRVT.CD","","","","","","","","","","","4148838615.74644","4900173110.2135","5828877005.34759","7666620286.62864","8629343629.34363","8083352157.21708","8030007794.23227","9119186333.56374","10894648829.4314","12172693579.0844","13853503184.7134","14052118891.0166","14042243262.9279","13797975814.9317","12347298558.5399","14398465473.1458","17342099704.267","23213246672.8567","26218357487.9227","25770255074.8654","27396760891.6512","25689286518.1184","24696405784.7724","26781704551.7394","31857866780.6337","36863044633.3688","41130845011.7941","38879783143.1633","33907047739.3547","34663968031.5533","30469854652.4393","30449941402.9801","38282320469.2198","50566141443.7523","59600672268.9076","66630993452.0876","64988003372.0252","77751892408.3192","76865818514.0929","70594665500.6559","84727722912.2429","98128417085.1465","103613946016.828","109790982886.977","115617343693.831","102132882372.426","109476688536.573","118686237706.423","122584313069.751","121784073128.551","121496700838.168","146140896873.674","143489976857.478","","","",
"OECD members","OED","Households and NPISHs Final consumption expenditure (current US$)","NE.CON.PRVT.CD","","","","","","","","","","","1390351277064.32","1541700822864.64","1784589705131.65","2133201029215.11","2403552427225.04","2751578328974.68","2973556805319.97","3348303295346.34","3985654168480.28","4618555819927.39","5181046201680.39","5261013229828.67","5250921371408.07","5466065915200.04","5652890593301.86","5978609930704.75","7201351673334.14","8339203795262.73","9330144116064.24","9766516743403.05","11011341932477.3","11660449867549.3","12637196842678.2","12931941990882.6","13802596203233.2","15069556507189.2","15291188883293.5","15138653365575.2","15344779184246.2","16226650820653.6","16680524606747.1","16700996763312.4","17478564222574.3","19478908167369.2","21520830329586.6","22770002444879","23905206256140.5","26021342923702","27734628080518.6","26318626177782.8","27507378943945.7","29525166824298.8","29547034117656.2","29928500863305.9","30472875276901.8","28752903455321.8","29331829098179.2","30529288771773.1","32168277419373","32374081998428.7","31081342466065.8","34738220310687","36138226015414.9","","","",
"Oman","OMN","Households and NPISHs Final consumption expenditure (current US$)","NE.CON.PRVT.CD","","","","","","","","56889890.4455362","51359958.9120329","54959956.0320352","49679960.2560318","51491819.0567854","91460316.3849463","115776386.179836","143601621.308628","333236826.8674","525767226.404169","712796757.382745","900115807.75912","975680081.065431","1656919513.60741","1873480602.20035","2410248986.68211","2488419224.08801","2717163438.01481","3258877517.0457","2670282892.91118","2417685305.59168","3068140442.13264","3341482444.73342","4259817945.38362","5075422626.78804","5213003901.17035","5511573472.04161","5393498049.41482","5996618985.69571","6487126137.84135","6743042912.87386","7310533159.94798","7502990897.26918","7622106631.9896","8008842652.79584","8047334200.26008","8985695708.71261","10170351105.3316","10496749024.7074","12217425227.5683","14240572171.6515","18886085825.7477","19463719115.7347","21081664499.3498","23502990897.2692","25587776332.8999","26287386215.8648","27032249674.9025","28385955786.736","28558907672.3017","31655916775.0325","31847074122.2367","33039271781.5345","33458777633.29","34306892067.6203","37648114434.3303","40100820417.8954","41919969654.5925","",
"Other small states","OSS","Households and NPISHs Final consumption expenditure (current US$)","NE.CON.PRVT.CD","","","","","","","","","","","","","","","","","","","","","","","","","","","","","","","","","","18525830754.2017","19429027647.5685","23430644418.1728","24842804425.3198","24690675664.4206","25850366956.1288","26645950360.378","25467170945.7153","25469347487.4259","28060904370.3024","35250334746.8882","42254819829.7656","47178784428.3276","51850413309.0906","63191426148.1262","69402763110.8191","59968685101.4101","61590504250.2617","68500699407.2064","66862206749.7352","69761845654.8278","72301173893.1625","64959464188.8491","68522089786.5128","76138314723.6888","84001279299.1317","83905762278.3838","78079214809.1255","88477962024.5946","94886481212.0893","105558130062.574","113073974839.888","",
"Pakistan","PAK","Households and NPISHs Final consumption expenditure (current US$)","NE.CON.PRVT.CD","3083578328.43343","3454640907.18186","3537169256.61487","3654346913.06174","3926921461.57077","4524569508.60983","4712725745.48509","5698026039.47921","6229315413.69173","6774674506.50987","7700335993.28014","8196136077.27845","7118305493.37007","4800718812.06848","7191010101.0101","9195656565.65656","10426666666.6667","11955858585.8586","14467575757.5758","16385959595.9596","19632424242.4242","22639898989.899","24991279620.8531","22987559055.1181","24988646482.6358","25418601583.1135","24335523868.5679","24216370521.4098","27716604955.853","28353339778.8438","28561445332.5854","31179012166.3094","34299353599.7526","37496522035.4757","37285837700.3833","43914927219.8613","46149111312.7037","46747333650.8592","44819775773.6089","47663603698.7247","75582590604.4939","75455191046.0323","74433557427.7363","84587719504.866","101310333117.943","116090483847.056","126423204441.95","146574842099.013","165845113114.243","148818048973.035","157041642645.278","185712849174.638","205844948372.757","210270459091.893","222933572591.48","243387911839.578","253047483470.67","277952415418.937","293451533444.068","269161062988.279","244891398979.156","290882312863.275","322022310653.269","280013117138.998","314961998600.756","",
"Panama","PAN","Households and NPISHs Final consumption expenditure (current US$)","NE.CON.PRVT.CD","373855500","397476900","417620200","471310600","518805700","561354600","570180700","619994500","637895700","710975300","756198400","813507100","855359700","940287800","1168198200","1291604200","1334901200","1522415000","1754394900","2075419500","2432609600","2933781100","2848602500","3380924500","4062304900","4290901800","4202102100","4100262900","3807763100","4519368200","4266764000","4846240100","5250353300","5687328800","5813926000","5741613400","5383175200","5760626500","6782378500","7197157300","7106820900","7520762500","8162153400","8299094900","9421695200","10256741500","11403472800","12396648500","14099274100","15179314000","16873295000","19152066500","21294125100","23762641700","26742167900","27705042300","29964022200","31340378200","33158718388.8085","35453303693.9881","32792298976.233","34963504724.283","37324972772.7961","39671366021.9305","42414965567.9026","",
"Peru","PER","Households and NPISHs Final consumption expenditure (current US$)","NE.CON.PRVT.CD","1347450054.47091","1534140179.71683","1768908120.27475","2039907513.83445","2372988331.85582","2949291623.3389","3411633109.74689","3586974394.52048","3612403259.78327","4033591888.99312","5093023413.5683","5700258555.70285","6467700337.37643","7366925222.41258","9457364341.32965","12209309375.3945","11631069992.7633","10412556669.1271","8365268844.8046","9481622565.71404","9693436418.45845","12549784759.3965","12185213816.4963","10376793233.2038","10643655090.7757","8920320083.68161","14540240186.4133","24691382467.9504","10542477531.2","15326555713.4328","19711957487.9227","26526796117.7529","27804106605.8861","26753889296.6668","32465853214.3508","37910719035.3755","39823167501.9354","40986486486.4865","39606404041.7833","35232382922.1451","36698759276.7701","37453892420.3985","39202319697.5296","41444297539.6643","45402484035.3858","49387266053.9327","53313992548.7082","61462448066.4749","75258894699.067","77064271960.6932","91074908189.9031","103777640608.547","119911919459.688","126932575940.107","129649628536.93","123974426892.775","124739930703.495","135361025711.489","142147074045.755","147939253892.227","129332655401.05","137813569918.11","157166767357.264","170228798026.404","178071671195.743","",
"Philippines","PHL","Households and NPISHs Final consumption expenditure (current US$)","NE.CON.PRVT.CD","","","","","","","","","","","","","","","","","","","","","","24771009648.5287","26162358019.9063","22872939415.2663","23736304249.4066","25068894266.0376","24190056829.5897","25836425325.6627","29187882342.8187","32670513870.9526","34288385741.552","36594030671.0308","43722391375.9581","45062211859.4939","52005530066.869","60070939514.3209","66513274182.6587","65495176531.1789","53674001406.1069","61936058477.1418","60006199043.95","57535524146.6409","61632271265.279","63977788233.0594","69921159244.4007","79441241675.7574","93540728013.4321","112705793478.26","132923480306.786","128794550895.551","146259236887.688","168943830475.728","190036403236.228","204440591591.447","212028490469.928","222090173334.236","231175324213.543","237102808739.117","251608899173.456","275858995374.199","271563141259.037","296592543563.141","307006689363.257","334429914559.429","351500468924.644","",
"Palau","PLW","Households and NPISHs Final consumption expenditure (current US$)","NE.CON.PRVT.CD","","","","","","","","","","","","","","","","","","","","","","","","","","","","","","","","","","","","","","","","","","","","","","123921708.345413","130542855.739594","134969769.477844","142978306.293488","136591650.485992","135061127.185822","143741063.117981","159544576.644897","169660761.833191","182771643.638611","194927960.87265","207198130.130768","209879344.463348","212484035.015106","207095726.013184","205102278.709412","196177203.178406","216092841.148376","223887832.641602","","",
"Papua New Guinea","PNG","Households and NPISHs Final consumption expenditure (current US$)","NE.CON.PRVT.CD","","172592027.614724","181216028.994565","183456029.352965","196448031.431685","220640035.302406","254688040.750087","289632158.341145","321216163.394586","363887834.222053","410816177.730588","449953328.092184","500215918.058917","620637993.279497","694019802.889763","728112314.159182","788464279.452628","875780886.723409","1088690764.18521","1251270026.14656","1566892119.48503","1640793530.73776","1513965587.75177","1653299782.57386","1619828346.05009","1623990067.11892","1722746429.43174","1999121157.74993","2213936172.29858","2284474677.95067","1901044773.93236","2228256302.52101","2222371967.65499","2090760425.18397","2545482686.56716","2023276979.49409","2389061684.37026","2989914929.2239","2228623755.64512","1962891374.55691","1570701786.74769","1470608155.76564","1816755494.36409","1748184708.89495","2020316385.75907","","","","","","","","","","","","","","","","","","","","","",
"Poland","POL","Households and NPISHs Final consumption expenditure (current US$)","NE.CON.PRVT.CD","","","","","","","","","","","","","","","","","","","","","","","","","","","","","","","","","","","","84511107912.9214","98275286524.9805","99229650790.4755","108615698912.355","106857438718.583","110304355079.008","123863308825.326","132681279783.766","142020660439.822","164354794701.067","193007968207.529","214308778347.735","258765151104.608","331301297254.489","271125480827.475","298501973269.658","326550332652.907","308720108630.566","318287220501.567","328139552429.481","284314100013.264","279905565867.428","315459869468.297","351203075173.383","348527559824.19","343642762658.692","389136568626.208","404410213656.748","468343271743.174","526643081140.032","",
"Pre-demographic dividend","PRE","Households and NPISHs Final consumption expenditure (current US$)","NE.CON.PRVT.CD","","","","","","","","","","","","","","","","","","","","","","","","","","","","","","","","","","","","","","","","","","","","","","","","","","","","","","","","","","","","","","","","","","",
"Puerto Rico (US)","PRI","Households and NPISHs Final consumption expenditure (current US$)","NE.CON.PRVT.CD","1398000000","","","1790000000","2022000000","2220000000","2477000000","2607000000","2866000000","3189000000","3554000000","4271900000","4736800000","5233500000","5777100000","6472800000","7490000000","8238900000","8887200000","9667200000","10755900000","11898200000","12541500000","13299200000","14063300000","15057400000","15786300000","16942500000","18298400000","19114100000","19827200000","20460700000","21520900000","22818500000","24429600000","25923300000","27831000000","30010800000","31980300000","34008000000","36132600000","37590285000","38844900000","40973400000","44255535000","47065146000","50148829000","52086575000","54553800000","55122100000","56783800000","58154800000","60897000000","62477600000","61899400000","61640500000","60979400000","62453800000","65157100000","68758800000","65469600000","79852500000","87396300000","92363500000","97177600000","",
"Korea, Dem. People's Rep.","PRK","Households and NPISHs Final consumption expenditure (current US$)","NE.CON.PRVT.CD","","","","","","","","","","","","","","","","","","","","","","","","","","","","","","","","","","","","","","","","","","","","","","","","","","","","","","","","","","","","","","","","","","",
"Portugal","PRT","Households and NPISHs Final consumption expenditure (current US$)","NE.CON.PRVT.CD","","","","","","","","","","","5330488145.04881","6263957597.17315","7191097108.96961","9758896156.991","12690686661.4049","14882407843.1373","15209602122.0159","15386479832.373","15932016423.3577","17933409836.0656","22183247897.477","22270058631.9218","21215522199.7982","18907325370.9736","17821683100.5204","18409284621.7202","25205101192.8696","30972294008.8231","36114547353.7604","38332565571.6832","50284379130.9239","57817888164.2847","70765751410.7514","64194008228.4004","66351057971.0145","76448322940.1619","79741464777.7489","74742779874.2138","78108410507.569","80680910939.5419","75197017548.2025","76379709743.0029","84523709143.2617","104395618339.243","120489729653.867","127095422464.747","134827037899.405","155964136785.88","174394928247.648","158439077620.012","156977240829.867","161500231576.1","143696941041.646","148135767982.316","152046328895.859","130712099755.017","135069132857.335","142951020771.881","155733969839.116","153730902297.608","146709508282.168","162267613327.331","163816798477.123","179660156703.023","","",
"Paraguay","PRY","Households and NPISHs Final consumption expenditure (current US$)","NE.CON.PRVT.CD","","","297436507.936508","319801587.301587","340619047.619048","350095238.095238","369277777.777778","389650793.650794","415341269.84127","442563492.063492","460642857.142857","528428571.428571","592142857.142857","734404761.904762","1002322829.36508","1122380952.38095","1231523809.52381","1508428571.42857","1787626984.12698","2432547619.04762","3169015873.01587","4000587301.5873","4058963235.29412","4434506105.89041","3394874540.45958","2382838230.76923","2563032873.21221","2778022816.16766","2626190889.28571","2563414240.67411","3655088839.89267","4309821182.01026","4530882704.52576","4742972261.70957","5363428197.2532","5765494004.95155","6440625636.73844","6566344028.35811","5734436615.3186","5576912401.19651","5688777539.91997","5426406963.46504","4173460398.51231","4482117464.58002","5877969690.50544","6529760646.92764","8311808918.07123","11295112825.8334","16300839583.7631","14887283762.5218","17469186670.8096","21365069703.0686","21887686867.9104","24111638279.7821","25820574985.4696","23089828008.7894","22485213070.0722","24581389617.46","25768606222.7181","24809239139.2168","22511136434.0032","25071718179.6251","27459679447.7725","28454338164.4076","29776159232.6532","",
"West Bank and Gaza","PSE","Households and NPISHs Final consumption expenditure (current US$)","NE.CON.PRVT.CD","","","","","","","","","","","","","","","","","","","","","","","","","","","","","","","","","","","2805300000","3285600000","3389700000","3702600000","3898200000","4032000000","3866800000","3765400000","3397900000","3932100000","4612900000","5276300000","5598200000","6017600000","7376700000","7761200000","9024700000","10202400000","10838500000","11879800000","12476000000","12348300000","13534000000","14301800000","14468100000","15427900000","13778800000","16028300000","19136500000","17665700000","13097200000","",
"Pacific island small states","PSS","Households and NPISHs Final consumption expenditure (current US$)","NE.CON.PRVT.CD","","","","","","","","","","","","","","","","","","","","","","","","","","","","","","","","","","","","","","","","","","","","","","","","","","","","","","","","","","","","","","","","","","",
"Post-demographic dividend","PST","Households and NPISHs Final consumption expenditure (current US$)","NE.CON.PRVT.CD","","","","","","","","","","","1346426891577.15","1494440488411.06","1729760273394.71","2064588389857.61","2318343619696.53","2656596291865.34","2875660168240.94","3246851185544.54","3865739354119.06","4460039232310.71","4983290526347.77","5022124613324.18","5081659699740.48","5311299707637.19","5485954095259.05","5806114828212.57","7055294470574.49","8170231904454.72","9125389506790.57","9523012103738.35","10693774578988.6","11284664273543.7","12196469111364.1","12365632209146.1","13243977471834.3","14564454945212.2","14717224748785.8","14487456932516.9","14645731932662.7","15486443413048.8","15822297883275.7","15853074334365.4","16583861656927.7","18534416905159.3","20439592608402.8","21507531923269.9","22539823601986.1","24449467889547.1","25981234254552.2","24860052687718.6","25775883489159.1","27635470303123","27656567489954.4","27914890630600","28412293498205","26956539139250.6","27604145155568.8","28710539348725.1","30342003326370.5","30571847993347","29462896729860.1","32786418497426.9","33920269692304.9","","","",
"French Polynesia","PYF","Households and NPISHs Final consumption expenditure (current US$)","NE.CON.PRVT.CD","","","","","","","","","","","","","","","","","","","","","","","","","","","","","","","","","","","","","","","","","","","","","","3498697331.03432","3667331680.18509","4135366893.32387","4537585130.33046","4227300549.10024","4059414812.80243","4201281723.71646","3874745989.22694","4065332237.74708","4089827105.31617","3480081314.89565","3564718950.60884","3764502630.51125","3979947038.80939","3973085986.58093","3956046172.51387","4364581945.8587","4156004677.25015","4508498002.18258","4660656900.2349","",
"Qatar","QAT","Households and NPISHs Final consumption expenditure (current US$)","NE.CON.PRVT.CD","","","","","","","","","","","","","","","","","","","","","","","","","","","","","","","","","","","2206043983.51648","2608241648.35165","2471428489.01099","2564560357.14286","2595879642.85714","2616758241.75824","2704120879.12088","2707417582.41758","3566758241.75824","3882142857.14286","5540109890.10989","7112362637.36264","9941483516.48352","13661813186.8132","17768131868.1319","18852472527.4725","20232417582.4176","22500824175.8242","25051923076.9231","28942480054.9451","32544123846.1538","36052148159.3407","39005968021.978","41068920384.6154","42193867747.2527","41393737857.1429","37513425329.6703","39319284478.022","45955965357.1429","","","",
"Romania","ROU","Households and NPISHs Final consumption expenditure (current US$)","NE.CON.PRVT.CD","","","","","","","","","","","","","","","","","","","","","","","","","","","","","","","25198395006.6875","17523236025.6578","15756250000","16791921584.1063","19092979233.7577","26001337740.0063","27000324359.3902","25906048320.717","32327915471.4396","25987749171.0603","25636149897.3684","27938848186.8525","31641094972.8986","39605428542.7711","52627344111.2225","70020211741.0687","83892462147.3323","117595898697.837","136926932760.799","109901732350.602","109624059913.78","124169522614.911","115862464679.084","116484185152.454","121865892346.623","109194398835.45","115040046235.905","131979335184.375","154115709364.964","155725691228.608","153415110113.308","175185107646.661","186657687201.062","213789148066.371","239093728253.306","",
"Russian Federation","RUS","Households and NPISHs Final consumption expenditure (current US$)","NE.CON.PRVT.CD","","","","","","","","","","","","","","","","","","","","","","","","","","","","","302492211838.006","228735632183.908","252658908507.223","243155555555.556","172430992736.077","196844493404.363","200699398408.694","206030568169.232","203781020758.545","221711322385.48","155713549716.641","104894394800.975","119953785993.601","151419266369.558","176768740031.898","218046870481.827","298094411662.617","381563122228.114","482855366846.582","633974366366.709","812123345890.566","668010738883.285","785147745572.918","1030836855375.14","1136098962410.01","1218805933095","1107110084637.36","718280078079.808","679860796210.232","832298058504.253","834728872487.712","873630615429.431","768869991485.184","920449994094.031","1094677133551.49","1020415112804.76","1073209900225.05","",
"Rwanda","RWA","Households and NPISHs Final consumption expenditure (current US$)","NE.CON.PRVT.CD","96999946","99599924","106199972","112599962","105999924","120399974","106228554.285714","137690020","154300017","172200038","193399992","195371773.708961","216166338.41811","235575884.750125","267373664.879515","446913912.177308","473857228.709249","530150143.284898","693948613.637818","849226029.498179","1045386286.32592","1106006922.53199","1152676077.13637","1241358229.32009","1286054910.99668","1381514955.98223","1550879941.12449","1780268691.4844","1988279838.96659","2045132763.88877","2133587381.82687","1618201763.17442","1675742398.29012","1661905107.56597","1034500803.63636","1254057580.54655","1303631658.62721","1749358445.70224","1845577941.45261","1902803654.46804","1828326536.928","1682222548.99017","1680938895.19048","1786968377.86313","1943217213.29503","2384822623.89512","2667266183.35746","3162044072.91276","4217957258.92738","4670128822.29276","5033163242.42121","5609373527.18986","6146430065.37076","6131781959.44292","6480353203.03442","6890340614.57955","6754274815.74307","6826370511.99805","7372828381.13271","7397628277.09702","7775058641.56398","7933537704.15757","9775968040.34288","10680497325.3422","9243283428.20107","",
"South Asia","SAS","Households and NPISHs Final consumption expenditure (current US$)","NE.CON.PRVT.CD","38469484182.3688","40473904042.4124","42313906806.2228","46611610257.2144","53950609346.4604","57214605407.2102","45399299054.4056","50722333463.1871","50693626226.1721","54849609801.0734","58367719830.7991","63336325216.0116","67229711191.2066","79550648370.5752","95130996543.018","90019070675.336","90267943121.7246","107975675045.964","120972327842.131","133844561679.682","166977969557.959","170137244612.665","172609911975.518","186862968499.583","183047282524.517","195746126238.773","208276939163.197","228230910733.127","239518337396.432","234736985430.846","251455292882.658","217651470724.217","226961923736.611","222335293504.166","253628538541.413","275490981052.263","306052398749.389","320542659592.958","324568149720.224","350702120881.353","357348862463.096","370512095376.543","384822081792.895","440869532386.611","485950201585.034","549549523042.261","611330348781.186","773374188692.283","793595414923.661","871500634746.964","1056094221218.32","1184530213859.28","1194541253397.35","1246685680453.41","1383395476441.63","1460200426084.12","1617521474851.31","1835618381102.09","1905936879715.77","2048046189579.21","1969748843449.79","2306365707558.57","2465252636023.79","2589703862627.62","2826224639360.69","",
"Saudi Arabia","SAU","Households and NPISHs Final consumption expenditure (current US$)","NE.CON.PRVT.CD","","","","","","","","","1387827888.88889","1591257200","1748222222.22222","1913378022.65252","2300016430.41214","3058337463.36591","4951830985.91549","7703521593.62659","10818696883.8527","19451272529.7264","25465633513.9644","35181712174.6755","41208185065.1478","48959233799.2992","55700838727.123","58247467438.4949","57101589103.2917","55290999447.8189","47792060491.4934","45702002670.227","47003204272.3632","48903070761.0147","54507610146.8625","58101201602.1362","60555941255.0067","63484379172.2296","64212817089.4526","66830440587.4499","69288651535.3805","69807209612.8171","67044800000","67257600000","68558666666.6667","68763200000","70250666666.6667","73689333333.3333","78627733333.3333","86507966160.4975","98093457943.9252","115860440293.529","139719200000","157817066666.667","170511466666.667","184966933333.333","217188533333.333","237473066666.667","265116533333.333","297310933333.333","321756533333.333","340617066666.667","376957066666.667","393301600000","378036000000","437838133333.333","485706133333.333","530677066666.667","556685333333.333","",
"Sudan","SDN","Households and NPISHs Final consumption expenditure (current US$)","NE.CON.PRVT.CD","860425045.549756","912406665.457802","968121771.878581","1011487653.68032","1037909250.53966","1069787481.53299","1002010341.76338","1095060313.31149","1139000577.65365","1194141301.53401","1394026425.60031","1645893169.57465","1790637569.76059","2166858133.73595","3008615746.72204","3712234358.73703","4573808169.36763","6001042503.07947","6624686346.18198","6795495161.46523","7340000000","8803662243.80716","7487136413.14636","7115384615.38462","9384615384.61539","6809821942.28251","7600000000","9403333333.33333","11855555555.5556","17977777777.7778","28433333333.3333","34633756530.9694","5644468772.98619","7340221198.38809","10617763950.706","11786291002.8681","8131008193.20878","10002570216.0822","9591717010.64581","9168078926.02823","8554146953.30047","9638467256.35393","10804698757.1106","12224926681.1606","13523636067.5443","19172778193.2942","24837127319.7322","28811663707.1574","33996825367.2082","33169169692.3077","34821034482.7586","33101842105.2632","30305000000","34883972602.7397","42663415730.3371","44129636363.6364","36258813333.3333","34065019047.619","29105211850.1228","28594854990.0826","21485079246.0106","29165651732.8049","41088459740.7518","32181978133.8124","40272082091.5657","",
"Senegal","SEN","Households and NPISHs Final consumption expenditure (current US$)","NE.CON.PRVT.CD","806463073.379268","856845279.384251","897171495.418845","922156518.239879","977363820.701625","962761479.355171","985571385.208707","964979731.418748","961547951.623506","910117365.258626","885081769.965585","932030276.522624","1085283127.47237","1301715684.74007","1346727769.19308","1897176170.35652","2015052425.62922","2043600856.91578","2369881833.29252","2912880256.7923","3334591814.48011","2968491552.7979","3014354793.79025","2808463226.30548","2741177626.7535","2961340838.59479","4299621355.57469","4956396271.34618","5079930592.43373","5074940569.8063","5894113856.17739","5832013784.53301","6278872831.42556","6131365197.80038","4125078401.8945","5050348072.2185","5289953686.2722","4746841548.33466","5126467633.39258","5076485499.94323","4731921559.9292","5033479528.31413","5508361974.19081","6876483687.65134","7975109527.84835","8616596053.30907","9398734767.2695","11189330342.5815","13829416791.0177","12844750311.3391","12614221476.1577","14097996567.3152","13745102626.6567","14616792724.4666","14703524502.6135","12908633279.445","13631625815.7628","14780649669.5337","16056649334.147","15984150821.8928","16860449899.2292","18323696881.1509","20066296331.6381","23078762170.3852","24067073488.3586","",
"Singapore","SGP","Households and NPISHs Final consumption expenditure (current US$)","NE.CON.PRVT.CD","630238924.350422","691587014.327621","720203056.297816","763421119.684309","734707077.57038","768451793.729297","839534564.650695","937175374.523883","1044550865.34127","1130823658.54137","1289551224.67513","1491016594.79943","1675418756.351","2275377777.77778","3157605599.41402","3384710082.48184","3683886475.77278","3799214829.20512","4209354759.36706","5027220756.37643","6007449645.91189","6793246777.50794","7357646613.33838","7774813084.11215","8598248935.16327","8572968918.47546","8657879187.30967","9859235785.79958","11788129154.7958","13961290001.9877","16113110803.4661","19660376266.2808","22587995950.8081","26437082518.7168","31662895660.9866","35887891348.4434","38923265351.8586","39829378383.4386","33821840557.0739","36153896529.5285","40213044015.4458","41525112977.8431","42736520070.502","44463641305.1901","48312298695.7972","50928714723.7108","56636057026.9483","66524959823.5554","77351909480.8607","75918433292.1971","87141036209.5419","102288086272.913","110087494678.621","114828897946.136","118339528826.802","114446347716.982","116554497642.496","121000706048.482","130381764506.147","134113863643.361","112039279807.384","125380670987.277","142475739246.678","159663590183.554","172365448241.437","",
"Solomon Islands","SLB","Households and NPISHs Final consumption expenditure (current US$)","NE.CON.PRVT.CD","","","","","","","","","","","","","","","","","","","","","","","","","","","","","","","","","","","","","","","","","","","","279179669.846269","318933694.595484","350469930.176737","391257603.606279","429729389.513795","502628754.826617","514898738.687735","579025074.405127","659795370.170235","744256455.624159","795059930.654258","853091780.954654","829861757.406664","865991984.82151","888172575.29102","957871148.456407","966909773.337019","966416481.47567","1003308016.85992","1038550076.45166","1160415567.10669","1297534637.92032","",
"Sierra Leone","SLE","Households and NPISHs Final consumption expenditure (current US$)","NE.CON.PRVT.CD","","","","","292116281.250657","286999885.200046","297359881.056048","302813974.457579","275760110.304044","292320116.928047","322320128.928052","322183094.353792","358649420.191763","367003045.292292","425618467.703379","527199559.30276","480033068.545343","550196249.454863","686984260.391198","832379348.515095","998571156.410745","1010697955.31015","1142776409.80099","873746240.711175","893284726.787386","785669414.998037","387658463.83296","473078165.849073","770960201.759242","729072258.539114","510003565.627352","601325911.479495","574180785.756905","664981963.454628","700054538.637216","813972426.431643","873900331.475391","810246331.316997","625069550.235416","631051521.592733","672942582.302683","1611329735.76067","1849957980.67111","2035422680.79876","2055738225.00821","2302389614.0211","2244068470.70589","2672492065.82102","3149044864.77512","3119148494.38069","2654958124.34469","3850648124.85716","4710651955.62286","7186593649.53114","6929460178.00439","6158019070.13396","5129820745.50791","4600657938.2138","5928442724.72202","6205124055.16926","5867936125.38583","6369751415.99173","6404209935.8424","5655831178.11731","5572531479.21066","",
"El Salvador","SLV","Households and NPISHs Final consumption expenditure (current US$)","NE.CON.PRVT.CD","","","","","","689720000","742000000","772160000","815880000","829520000","858120000","904080000","937640000","1071200100","1248000000","1353840000","1621240000","1902160100","2208080100","2387200000","2566839900","2641000000","2606949700","2718688200","2884884700","3086912300","2902126400","3206130100","3391746400","3625923200","4284142505","4604729400","5101060300","5782446500","6579652700","7631606700","8313008100","8744363600","8926617600","9296460900","9934781900","10360492200","10614180400","11145162900","11811369800","12726000000","13946530000","15539000000","16602150000","15491620000","16097790000","17802520000","18614400000","19280830000","19576630000","19939740000","20228380000","20841390000","21671130000","21976230000","20060930000","23693520000","25671890000","26802890000","28158340000","",
"San Marino","SMR","Households and NPISHs Final consumption expenditure (current US$)","NE.CON.PRVT.CD","","","","","","","","","","","","","","","","","","","","","","","","","","","","","","","","","","","","","","","","","","","","","","","","","","","","","","","","573181292.290823","565957046.692513","570274726.444664","600438140.011569","577446328.341223","559089362.547383","614858007.262828","649130269.101004","775848737.354383","","",
"Somalia, Fed. Rep.","SOM","Households and NPISHs Final consumption expenditure (current US$)","NE.CON.PRVT.CD","155847919.740832","170197927.440829","197917898.432841","199121942.751223","219785880.725648","204735918.105633","223537915.064834","237201909.599236","242647902.940839","261028571.428571","268314148.571429","281445424.446291","295023512.043122","401002777.0437","332232082.605242","508816531.21525","540698799.682288","515652229.565217","467541427.624309","522244031.496063","587227691.602099","656689901.331642","770693956.735758","783850906.045888","830200623.542209","","","","","","","","","","","","","","","","","","","","","","","","","","","","5662823960.00124","6398221420.00021","7125816059.9991","7645037250.00146","8157149440.00094","9327401189.99975","9684000000","10558000000","10827000000","11539000000","12683000000","14078000000","15961000000","",
"Serbia","SRB","Households and NPISHs Final consumption expenditure (current US$)","NE.CON.PRVT.CD","","","","","","","","","","","","","","","","","","","","","","","","","","","","","","","","","","","","12005903954.8023","16292793296.0894","18387734045.972","14871116959.7639","15278969257.8142","5281321092.55152","9958754311.15261","12694594422.5236","16028432554.0849","19804884774.9454","20909603410.3889","24870979271.9723","32690208456.2943","39614995468.6981","34203334980.7489","31835851272.8213","37522156343.4942","32894499808.4646","35647294645.6565","35069467774.4915","28902339069.6335","29189949302.5791","31833432706.4552","35752138942.746","35746482659.8132","36113104068.0633","42310281641.0754","43894103342.042","50921322138.3838","55894559685.7967","",
"Sub-Saharan Africa (excluding high income)","SSA","Households and NPISHs Final consumption expenditure (current US$)","NE.CON.PRVT.CD","22923574257.7837","24049199058.3736","25337688748.9098","27165746988.2905","29393557826.2282","31789588502.9492","33544869658.2365","34964921213.5335","37152246735.822","40846715361.2101","44574959957.803","49665917795.6931","53440253202.6357","67935475205.5241","79613929960.2774","93111299514.2152","94123123012.9436","105315624237.335","122229399413.44","145767148658.61","180139186687.724","191477828714.183","181841058131.151","190392798105.266","179344788640.66","154381086743.582","183916088792.955","225912185133.765","244202285141.762","256952332062.396","311279228559.214","333175575142.551","299404605379.119","295789659652.273","285771118213.757","331918711251.26","330461698841.362","346289172916.73","337668477956.971","337127854735.058","346603849238.265","318367794886.029","322143417235.664","415673241890.944","510230173564.508","582988174569.65","653774617352.393","749366254292.697","810821100701.634","841350452547.392","969821472891.282","1071216509253.9","1101994599734.58","1140691258224.2","1170462270377.91","1086747543927.86","1019331745945.19","1170521249415.34","1239375931768.15","1232386439114.52","1163853991483.43","1341682156987.87","1440395514749.06","1462304318439.66","1545341861155.02","",
"South Sudan","SSD","Households and NPISHs Final consumption expenditure (current US$)","NE.CON.PRVT.CD","","","","","","","","","","","","","","","","","","","","","","","","","","","","","","","","","","","","","","","","","","","","","","","","","","","","","","","","","","","","","","","","","","",
"Sub-Saharan Africa","SSF","Households and NPISHs Final consumption expenditure (current US$)","NE.CON.PRVT.CD","","","","","29793239973.6743","32221850942.032","34000999726.6027","35440360589.6896","37657428512.2374","41402133082.6103","45181072896.6852","50341255595.7927","54166912945.0992","68859235329.373","80696489161.8979","94377390688.3885","95402972568.8412","106740113674.179","123879016405.949","147781422533.865","182618907827.717","194129981990.679","184373779843.075","193033032824.509","181816286646.447","156519079314.92","186444156086.613","229028630294.972","247588167980.414","260528745749.271","315704818189.443","337901779915.757","303735287067.694","300108395090.696","289924169239.664","336718338990.026","335164194433.649","351327699951.655","342638248462.609","342075993719.915","351545227534.492","322979210434.583","326700021359.667","421551427488.511","517476134865.737","591292843570.601","663133364032.788","759885101408.461","822407570919.184","853177904783.221","983409398049.142","1086211117215.57","1129002905913.4","1172450533055.61","1208252079363.91","1133924728337.52","1069709870923.32","1226158263511.88","1299716650011.02","1304903824548.16","1245921028421.22","1435047696619.09","1556521050115.61","1595613750568.58","1696293264738.86","",
"Small states","SST","Households and NPISHs Final consumption expenditure (current US$)","NE.CON.PRVT.CD","","","","","","","","","","","","","","","","","","","","","","","","","","","","","","","26230660411.7581","27928799103.604","30658591165.6132","29046883970.3561","30645239283.0681","36335106729.761","38572622056.6637","40464937827.8349","42723092634.3047","44294258089.8443","43114147349.0651","43792896662.9403","47362806712.5824","57178516536.3766","66884629246.2132","74568863026.549","81519516573.8632","96864638620.7541","105826202503.281","92869125276.7306","95795695959.22","105552446459.196","104410114829.641","108507210174.049","112695357955.854","103239308976.193","108285224283.952","119605284916.7","130630545082.814","129978759205.435","120074146111.091","136643392166.688","146916643038.039","163426236879.799","174670220063.256","",
"Sao Tome and Principe","STP","Households and NPISHs Final consumption expenditure (current US$)","NE.CON.PRVT.CD","","","","","","","","","","","","","","","","","","","","","","","","","","","","","","","","","","","","","","","","","","","","","","","","","","","","","","","","","","","","","","","","","","",
"Suriname","SUR","Households and NPISHs Final consumption expenditure (current US$)","NE.CON.PRVT.CD","","","","","","","","","","","","","","","","","","","","","","","","","","","","","","","","","","","","","","","","","","","","","","","1046032729.52582","1081238615.66485","1418214936.24772","1423315118.39709","1569160531.89734","","","","","","","","","","","","","","","",
"Slovak Republic","SVK","Households and NPISHs Final consumption expenditure (current US$)","NE.CON.PRVT.CD","","","","","","","","","","","","","","","","","","","","","","","","","","","","","","","7042406043.67699","7483988132.03115","7934616379.86803","9353512532.20895","10853544904.4964","13767526797.3856","15037825095.057","14558342585.2498","15945858597.1585","16578704718.9182","15959650783.9765","17205124726.6965","19755725282.7393","25423178211.1262","32152251494.1843","34528227625.0397","38855464871.6188","46934802523.3609","56318853781.4234","53346522245.9375","51640130915.7501","55240068537.6363","52946335171.0582","54806601113.1229","55802389456.3386","47838122821.9285","49430321451.0865","53520378666.2189","59576602976.9121","59584057651.7019","61412098398.1091","67335286409.8051","71378212449.5762","78258745894.9975","","",
"Slovenia","SVN","Households and NPISHs Final consumption expenditure (current US$)","NE.CON.PRVT.CD","","","","","","","","","","","","","","","","","","","","","","","","","","","","","","","9511567796.61017","7140956521.73913","7095315448.11321","7618349206.34921","8380132093.02326","12587707238.1723","12564736189.8017","11895403661.4646","12591796018.4651","13038988793.6717","11425980413.2587","11594429417.5716","12898081795.5112","16293716302.2099","18523424265.0722","19287467976.6198","20176029356.417","24431875181.7785","28480414859.5","27804294373.2144","27074065492.8834","29160684445.6518","26775983924.3637","27159226327.9636","27490568420.7458","23283088067.3016","24173588453.33","25528997265.4836","28173345605.8219","28536155302.8235","27079043718.6553","31953812282.4297","32420658073.9476","36181199964.383","","",
"Sweden","SWE","Households and NPISHs Final consumption expenditure (current US$)","NE.CON.PRVT.CD","8955162212.71834","9645259637.84239","10360209330.0156","11142359462.5968","12002048683.8356","13193565136.5645","14331997142.2371","15451144023.7368","16369086822.853","17672736744.7148","19204667323.9001","20880960221.6196","24736794683.3529","29763310512.2158","33391117268.0993","40702906892.7316","44871368718.2901","47810371965.3695","52557220316.4767","61241662195.89","69222799319.0845","64490872141.249","57801425046.9551","51368423002.1781","52018364563.9401","54820889945.2574","72840988685.4961","90513469812.6301","102207150574.488","104812040050.257","124708698722.714","135165776105.829","141418734331.536","108295089549.554","114142690513.219","128371581175.613","140144944825.529","128600767528.062","128176958200.732","130198126452.363","124895985680.295","114043527509.657","125775230818.211","156923438408.172","178444937337.561","182557439349.132","191811010815.646","220638722850.21","233806800078.894","207639865165.016","232517569313.272","266822736225.677","259036442596.26","276064142127.32","272433402300.174","232566925536.73","236463322883.402","247343949237.681","253828052514.893","239916814236.17","240598984590.199","279793427771.355","259235303538.108","256062459755.677","","",
"Eswatini","SWZ","Households and NPISHs Final consumption expenditure (current US$)","NE.CON.PRVT.CD","","","","","","","","","","","","","","","","","","","","","","","","","","","","","","","","","","","","","","","","","","","","","","","","","","","","","","2972739215.59854","2640150890.25212","2290157692.82066","2115251436.62875","2603187637.85317","2795234386.44723","2731365037.22826","2327107077.14561","2834409222.21392","2919267934.67635","2887201597.3909","3084704537.20494","",
"Sint Maarten (Dutch part)","SXM","Households and NPISHs Final consumption expenditure (current US$)","NE.CON.PRVT.CD","","","","","","","","","","","","","","","","","","","","","","","","","","","","","","","","","","","","","","","","","","","","","","","","","","","","","","","","","","","","","","","","","","",
"Seychelles","SYC","Households and NPISHs Final consumption expenditure (current US$)","NE.CON.PRVT.CD","","","","","","","","","","","","","","","","","26998673.5199895","25970175.7716446","28090748.2193011","59627486.1235028","68411660.7608007","81904913.8350812","85713620.1492489","83075051.3989954","69322959.4777745","65670961.2517386","67423493.2955489","89241331.0838127","106367052.550846","119869443.154873","198987292.435684","206682953.611323","235798551.318847","257197030.29972","236822085.525535","260184212.184212","213681422.161412","289994811.335958","316573915.356987","307912119.794104","229592897.357406","254176188.578759","191890048.837297","246758884.051877","321818436.363636","383441818.181818","458359198.303094","396190736.98788","556526674.845936","455689878.133188","496872923.443851","539977305.607481","555442073.941602","561377585.968679","888560647.799374","832741366.651833","982932787.511364","1063727518.24061","1190890357.69018","1203914446.04778","1005002702.29323","1203573216.97444","1443846471.55655","1511167674.44629","1616402569.55188","",
"Syrian Arab Republic","SYR","Households and NPISHs Final consumption expenditure (current US$)","NE.CON.PRVT.CD","666011815.642458","723547821.22905","780744281.842818","919793795.811518","1042683769.63351","1104897073.31208","1047027712.76596","1189133782.23496","1240615721.42227","1613133660.45142","1556185080.2644","1880736910.14867","2148209549.07162","2072601839.68463","3729078476.06643","4507457739.4763","4792528558.19697","5150427350.42735","6360252004.5819","6813248407.64331","8626242038.21656","11331540330.7618","10603023410.1033","11870980128.6359","11361133697.2935","10753705455.6922","8915877407.6833","8758314067.2239","8680249880.31348","6684763835.62435","8458211397.16566","9661791666.66667","9778708638.41981","10062827211.6129","6977300000","7547764471.05788","9775009980.03992","10027451361.8677","10430269230.7692","11160193798.4496","12004186728.072","12294618740.91","12306628710.8581","13200508026.8238","15034099009.901","17694789272.0307","21388856304.9853","26913215859.0308","37410462929.1907","38925746253.4937","40452687142.5283","52371337370.6687","39988870166.0781","20416775827.8755","24162433577.2383","15284035842.4333","12489813834.7888","15863931845.0136","20601638114.1138","21052080780.9456","11204004171.2967","11551331891.4369","27118984509.2228","","","",
"Turks and Caicos Islands","TCA","Households and NPISHs Final consumption expenditure (current US$)","NE.CON.PRVT.CD","","","","","","","","","","","","","","","","","","","","","","","","","","","","","","","","","","","","","","","","","","","","","","","","","","","","","","","","","","","","","","","","","","",
"Chad","TCD","Households and NPISHs Final consumption expenditure (current US$)","NE.CON.PRVT.CD","214356766.043217","228304057.787597","258446416.157918","257156868.277742","278080690.834695","293642669.704344","288383247.488667","279612358.226049","280812189.641226","278717991.675153","283227681.312459","295920200.992418","347722119.765862","395631757.957496","394343181.578847","557655961.447024","590450588.061977","654468757.117881","769909440.419584","","","837235812.373918","780373058.512675","777921250.111096","838115584.441044","1007174355.47875","1037378322.31702","1072108461.46566","1343726199.01414","1288139957.44982","1697349639.27836","1740419710.88344","1751433560.6489","1354304808.75794","1109500702.06179","1316241754.51171","1333196677.41584","1334659718.96158","1574704983.30139","1431141633.79482","1205207405.8864","1492710953.00951","2658202029.49655","2026673335.32879","3120696774.05706","5319516232.68989","5965248718.41805","6437511204.54911","7966667297.01041","8266169391.44394","8725122927.75942","9214797597.94567","9156079593.9037","9993407774.89638","10222736969.1909","9143933703.08447","9060072769.81336","9186015662.4374","9957555620.9596","9533742967.89332","9802632362.47379","10476751353.7461","10294358532.1489","10996313284.6635","10182410117.0815","",
"East Asia & Pacific (IDA & IBRD countries)","TEA","Households and NPISHs Final consumption expenditure (current US$)","NE.CON.PRVT.CD","43628652891.91","47882427409.1664","49468198651.1984","50326204448.9282","53100191529.2089","56957636610.2579","61319155488.1116","65286271590.462","66777600002.1391","70785774184.3705","75560366114.4353","78459230325.2062","90590867803.6968","112790860145.115","126899716902.605","141251759083.526","147689244603.743","164766083106.031","154337135999.851","174744961248.628","207939708136.698","233730777459.429","248890517258.723","250666501167.304","265106995665.978","289405848336.372","284282548454.2","268649270509.966","305261060085.979","343305998750.038","369908324847.67","392995332205.516","427160868378.823","452044820210.312","542097711623.401","678740544486.779","788132563456.655","800803172819.067","710517680752.336","808285583961.22","877045448180.536","921290585991.114","1021608758009.83","1120739827967.05","1249088605014.28","1413684650670.18","1642720389358.81","2014371187937.74","2466999012198.84","2650066734102.87","3144818197831.96","3858469185908.05","4343227064955.13","4820826702023.21","5266539230765.66","5597891663989.01","5859648934759.1","6351927522192.09","7081764405808.03","7433373444748.53","7382954747269.5","8736574756646.67","8770811874707.91","9202901112878.64","9555754989200.43","",
"Europe & Central Asia (IDA & IBRD countries)","TEC","Households and NPISHs Final consumption expenditure (current US$)","NE.CON.PRVT.CD","","","","","","","","","","","","","","","","","","","","","","","","","","","","","","","621033118730.544","580758898296.192","475064657395.162","536815257979.856","493973607859.013","587114481231.388","613925584881.194","646885720287.125","600584757947.606","522374180149.494","540417577306.25","545088301005.261","621846614539.26","761018739282.713","970940844045.542","1193624211514.18","1399043865356.23","1786456249760.35","2200079434297.04","1829570642449.83","2099042640350.59","2497707886045.54","2623087976245.54","2815819762548.81","2656629585540.22","2073773809511.7","2001682293817.27","2232979385145.01","2264753864383.08","2336333518179.59","2186987144630.98","2534872826070.42","2811184561734.02","3037946490971.62","3368127688001.03","",
"Togo","TGO","Households and NPISHs Final consumption expenditure (current US$)","NE.CON.PRVT.CD","","","","179203034.947655","182648655.59978","197010997.587237","237974056.978391","261198612.027244","273809603.311206","297692976.528048","275447512.500555","305339061.393429","351203773.148251","417823437.45681","440838427.304617","649589472.084975","582693252.850107","690086107.448517","758959512.431895","775267425.805528","1020525488.50739","951318696.614043","838523133.021452","756971085.224189","709725134.480498","728947703.024876","1019066610.66916","1224071087.24096","1460524392.8452","1494067439.04177","1264087100.73078","1257357486.05859","1354386901.46659","1422872650.13221","778303072.926458","1085154211.62522","1409927778.27289","1494140437.95329","1694087638.94303","1680298851.41298","1448813183.63452","1466387138.25113","1672656907.98195","2030020491.93438","2110178323.72083","2426916708.76352","2663571160.20103","3105002727.78526","3788616243.64739","3951065248.04622","3911530809.14265","4486892657.8048","4354093436.01176","4781271102.97213","4998489845.20392","4460114725.26716","4695686185.82866","4904892606.5184","5382612413.74232","5361930276.60328","5651058176.78802","6477668706.06392","6442654107.91583","","","",
"Thailand","THA","Households and NPISHs Final consumption expenditure (current US$)","NE.CON.PRVT.CD","1856690568.03269","2017813285.31458","2239080459.77011","2394815170.42727","2577548076.92308","2816057692.30769","3204951923.07692","3616875000","3888605769.23077","4158846153.84615","4961057692.30769","5039567307.69231","5654078655.37111","7273077748.93127","9331731967.19545","10367987193.26","11650186276.0203","13326648399.7654","15488857427.6006","17827961261.0569","21174913325.6298","22750088071.0809","23260360947.7448","26067694615.1054","26605490188.8456","24204416035.1637","26456789058.3034","30364661757.6099","34989019872.7139","40096535505.3835","48268856743.7242","54006077173.8771","61042881358.7081","66970144209.5615","76467581329.7775","86841650245.6174","94645582711.1912","79596652681.9922","58741997312.4844","67373596459.4378","68420833638.4181","67369390010.3304","74748505490.5504","84715642909.2741","96605213784.4035","105715172974.329","120749961795.823","138172141805.502","156296069248.736","149491943801.531","177973221678.356","196389099957.028","211772947170.121","220894789088.33","214244913143.488","206044362022.73","206722258198.524","223299328331.557","247744599496.147","270757912864.522","265483025913.896","264434481270.702","270448356312.07","296550311820.903","306489221907.988","",
"Tajikistan","TJK","Households and NPISHs Final consumption expenditure (current US$)","NE.CON.PRVT.CD","","","","","","","","","","","","","","","","","","","","","","","","","","","","","","","","","","209315323.707499","345064798.071127","684579010.515915","534409475.465313","499043093.682925","1077740222.11492","860403040.25232","647320891.0295","886521832.971362","1036129592.89586","1300072810.61042","1738423192.26206","2047445153.59368","2433295092.66288","4183608168.87113","5757966610.55608","5178979546.71196","6259467130.03318","7225960444.52032","8769008136.42377","9852372879.32811","9401391414.03043","5892115953.66436","5572972334.86585","6062241410.3256","5933615168.34318","6328685978.2","6311728936.27963","7183214915.75182","9388858293.50267","10968373441.8981","","",
"Turkmenistan","TKM","Households and NPISHs Final consumption expenditure (current US$)","NE.CON.PRVT.CD","","","","","","","","","","","","","","","","","","","","","","","","","","","","1212306586.27496","1449732273.52501","1610886544.5806","1594769820.65855","1413738506.6844","","1040704701.73115","","","","1813571656.21426","1991777323.89489","1856519380.29016","1059640584.75883","1849786129.33807","2039283215.06753","3397500855.28567","4248683927.74433","3775589156.07985","3315891224.01848","4569062804.87805","7188377366.57577","2880850035.08772","1139269649.12281","2278300210.52632","5302031894.73684","","","","","","","","","","","","","",
"Latin America & the Caribbean (IDA & IBRD countries)","TLA","Households and NPISHs Final consumption expenditure (current US$)","NE.CON.PRVT.CD","53663545239.3317","57431619740.2046","64850361816.087","69788423737.9361","77926938849.1125","81200657375.3676","89181104809.7186","92345235375.9672","100274598295.2","109900767996.063","119199220491.079","134308307767.442","150622095460.733","195172138433.854","250678384407.455","257996766681.138","290135798925.261","318910355502.227","381949012298.673","435023272759.236","523168337514.559","611682240781.608","558831104662.668","477586883097.793","484777387193.92","481274973572.998","493934649774.141","506232835709.519","561307944175.722","579704199175.588","688308165346.932","778774995939.97","874131920029.481","1004393544147.14","1153568694156.35","1244191616607.54","1358641170954.63","1486046448860.13","1492507143012.83","1342569878640.11","1485950353305.24","1456785203184.26","1281900970408.52","1305419748488.26","1473142344182.19","1788931789800.36","2058332845974.7","2425176191637.93","2835576492803.27","2703164627090.67","3315528670528.77","3771210490230.71","3810558448674.69","3959801207631.75","4003433032488.6","3438735989357.1","3345285589626.33","3730379952282.55","3650670835469.38","3584630986885.42","2974305202573.84","3461907539187.33","4042128178035","4528864197603.91","4674139414897.98","",
"Timor-Leste","TLS","Households and NPISHs Final consumption expenditure (current US$)","NE.CON.PRVT.CD","","","","","","","","","","","","","","","","","","","","","","","","","","","","","","","","","","","","","","","","","321279077.112695","392460452.911799","418521389.99397","412034587.652866","429424316.579839","425134540.280457","389643744.099348","460894048.996381","477528130.095993","542049718.92099","629594335.392487","708023405.260617","812762271.414629","898001866.709751","937692931.822342","923691837.825644","960343445.233454","998466910.551987","1032447869.78728","1101377571.81304","1091554345.56912","1096212654.53403","1369491216.61333","1456861021.68468","1560318367.73546","",
"Middle East, North Africa, Afghanistan & Pakistan (IDA & IBRD)","TMN","Households and NPISHs Final consumption expenditure (current US$)","NE.CON.PRVT.CD","16322366852.3794","16805596948.2782","16844830614.6314","18684803015.6596","19860460683.8289","21604128949.8668","22886925311.6794","25519784523.2546","26790316416.1521","29579682824.8134","33627329493.6978","37466240783.4122","39857598411.2421","43385782423.0419","56527889562.5139","75013258133.6272","82689367182.2803","101648381746.73","117036849527.642","138430739344.763","164607910453.689","182819888850.828","211594456312.867","238518780484.236","260375630549.902","283767137152.842","327443592761.544","271568400639.522","272988275275.23","286796852960.8","329542721628.798","243495959939.695","250603538964.736","226937931541.541","233784148352.342","254185590467.17","274281879223.502","290407221550.034","302152443880.536","305220253503.49","331161907840.532","340220455125.934","327998084795.76","356078068598.603","407353595335.756","458988976529.39","523268359897.599","639103436406.664","759229449167.988","811369378239.464","884078506783.338","1021497997222.94","1164256963621.8","1111871766477.99","1162416735901.26","1169452055170.86","1196656832999.38","1174566922095.6","1157111430643.5","1151425652447.48","1097742243836.69","1220281218812.01","1326325255752.77","1276295245547.48","1400422058275.65","",
"Tonga","TON","Households and NPISHs Final consumption expenditure (current US$)","NE.CON.PRVT.CD","","","","","","","","","","","","","","","","28899332.3733473","27290480.2639619","29981037.9241517","39430811.4913586","43611781.8019226","49410157.1396037","61174442.6568605","55186124.3533827","65043243.2432432","62039491.0048267","59910608.2827013","71090909.0909091","77459739.5322784","111514996.154832","106180373.460469","106297268.096929","132840505.938609","121544799.940613","127254335.260116","173398348.73504","186257297.977811","196105609.221528","192255322.516818","180015549.597855","171005410.214014","178985534.214015","156928863.062839","175196131.00877","188615598.058578","219849411.180411","263337744.51762","272693351.120757","299203611.585756","342681490.943604","312111389.088929","345350428.032791","365147863.849214","405362988.013678","415911540.89953","433810784.3061","440408177.301009","405202604.10157","441961577.619463","492616563.338688","490118678.283094","475606015.678171","438685244.467077","489161634.214441","590086256.89231","","",
"South Asia (IDA & IBRD)","TSA","Households and NPISHs Final consumption expenditure (current US$)","NE.CON.PRVT.CD","38469484182.3688","40473904042.4124","42313906806.2228","46611610257.2144","53950609346.4604","57214605407.2102","45399299054.4056","50722333463.1871","50693626226.1721","54849609801.0734","58367719830.7991","63336325216.0116","67229711191.2066","79550648370.5752","95130996543.018","90019070675.336","90267943121.7246","107975675045.964","120972327842.131","133844561679.682","166977969557.959","170137244612.665","172609911975.518","186862968499.583","183047282524.517","195746126238.773","208276939163.197","228230910733.127","239518337396.432","234736985430.846","251455292882.658","217651470724.217","226961923736.611","222335293504.166","253628538541.413","275490981052.263","306052398749.389","320542659592.958","324568149720.224","350702120881.353","357348862463.096","370512095376.543","384822081792.895","440869532386.611","485950201585.034","549549523042.261","611330348781.186","773374188692.283","793595414923.661","871500634746.964","1056094221218.32","1184530213859.28","1194541253397.35","1246685680453.41","1383395476441.63","1460200426084.12","1617521474851.31","1835618381102.09","1905936879715.77","2048046189579.21","1969748843449.79","2306365707558.57","2465252636023.79","2589703862627.62","2826224639360.69","",
"Sub-Saharan Africa (IDA & IBRD countries)","TSS","Households and NPISHs Final consumption expenditure (current US$)","NE.CON.PRVT.CD","","","","","29793239973.6743","32221850942.0319","34000999726.6026","35440360589.6895","37657428512.2374","41402133082.6103","45181072896.6852","50341255595.7927","54166912945.0991","68859235329.373","80696489161.8979","94377390688.3884","95402972568.8411","106740113674.179","123879016405.949","147781422533.865","182618907827.717","194129981990.679","184373779843.075","193033032824.509","181816286646.447","156519079314.92","186444156086.613","229028630294.972","247588167980.414","260528745749.27","315704818189.442","337901779915.756","303735287067.694","300108395090.696","289924169239.664","336718338990.026","335164194433.649","351327699951.655","342638248462.609","342075993719.914","351545227534.492","322979210434.582","326700021359.666","421551427488.51","517476134865.737","591292843570.601","663133364032.787","759885101408.461","822407570919.184","853177904783.221","983409398049.142","1086211117215.57","1129002905913.4","1172450533055.61","1208252079363.91","1133924728337.52","1069709870923.32","1226158263511.88","1299716650011.02","1304903824548.16","1245921028421.22","1435047696619.09","1556521050115.6","1595613750568.58","1696293264738.86","",
"Trinidad and Tobago","TTO","Households and NPISHs Final consumption expenditure (current US$)","NE.CON.PRVT.CD","","","","","","","","","","","","","","","","","","","","","","","","","","","","","","","","","","","","","","","","","","","","","","","","","","","","","","","","","","","","","","","","","","",
"Tunisia","TUN","Households and NPISHs Final consumption expenditure (current US$)","NE.CON.PRVT.CD","","","","","","517904761.904762","548571428.571429","589142857.142857","605523809.52381","653333333.333333","931809523.809524","1064222429.18092","1389485686.9769","1745747113.35022","2049905156.37743","2564465889.57086","2664800886.2457","3152680652.68065","3620867383.83982","4194734071.08168","5380834774.01828","5170472495.16002","5065626973.33783","4838331857.6183","4836818209.31912","4947417363.29473","5658105686.31624","5872116737.5842","6294678038.33976","6277434081.83323","7819545454.54545","8158043478.26087","9566807208.68624","9060495724.99706","9687372102.72511","11344295231.0458","11935796706.0061","12754406333.9808","13429317877.4507","14007376340.9134","13014898411.9596","13497202013.1882","14517915811.1966","17268238467.9982","19429177970.994","19940374570.4017","21219135628.5569","23958565834.0604","27531161181.0976","26950139786.3398","29170773718.0383","32015932285.0184","31684963364.9446","33202372437.7684","34697571678.9138","32413840565.8574","31632195594.7604","30336050921.19","30541655474.1889","30093275259.6498","31455063686.771","34561510298.7439","34326814022.4256","37804213360.0672","40809045964.0078","",
"Turkiye","TUR","Households and NPISHs Final consumption expenditure (current US$)","NE.CON.PRVT.CD","4266666666.66667","4500000000","4944444444.44444","5688888888.88889","5988888888.88889","6277777777.77778","7344444444.44444","8022222222.22222","8944444444.44444","9966666666.66667","9281818181.81818","9086666666.66667","11671428571.4286","15035714285.7143","21614285714.2857","27142857142.8571","28850000000","33533333333.3333","38187500000","49712903225.8064","42088157894.7368","42162162162.1622","38250920245.3988","38489333333.3333","37804904632.1526","39130651340.9962","40834518518.5185","59531505250.8751","57700562587.9044","70282893496.7012","103320237638.942","106632502396.932","110630951688.009","124655357305.416","91399996622.6485","148332780019.631","156109966218.291","166499851183.617","174346897869.011","168895047554.461","182721526057.27","127355796401.401","151836369794.576","202938616549.569","260791292193.749","315503939317.482","337081922891.408","413667529285.895","459110964163.495","389842537549.356","474401686596.591","512194845115.242","527048471242.499","564124517273.113","545487999636.288","499795011413.565","497886794861.819","485088828724.172","421900414239.174","417176383860.677","394132925168.418","437439057758.693","492650499998.187","616632766979.269","737665018924.515","",
"Tuvalu","TUV","Households and NPISHs Final consumption expenditure (current US$)","NE.CON.PRVT.CD","","","","","","","","","","","","","","","","","","","","","","","","","","","","","","","","","","","","","","","","","","","","","","","","","","","","","","","","","","","","","","","","","","",
"Tanzania","TZA","Households and NPISHs Final consumption expenditure (current US$)","NE.CON.PRVT.CD","","","","","","","","","","","","","","","","","","","","","","","","","","","","","","","3525686431.7528","4047884904.57523","3806393123.69628","3566391970.29994","3790932015.25516","4406766865.1474","5396892975.35137","6482480222.50448","9422489053.41481","9994008866.42113","10307121137.1187","10046471286.9101","10175439663.6166","10531021083.958","10934124618.5582","11713922407.8531","11865392757.1739","13692646610.3085","17129276727.8029","17774215341.6101","21143214048.4379","23727888565.6703","26940834004.7572","30551128872.3436","32766367779.2599","30279416170.7782","29827734726.019","31904214565.5594","34132783090.4573","35797781152.7352","36047221546.5279","38180519375.7943","41558800098.751","42771068536.6483","41709780527.5505","",
"Uganda","UGA","Households and NPISHs Final consumption expenditure (current US$)","NE.CON.PRVT.CD","317186715.981531","348177897.997777","345226207.059364","382648195.656528","426921462.616601","687106257.874843","723505529.889402","724905501.889962","776284474.310514","866302673.946521","","","","","","","","","","","","","1935000000","1957333333.33333","2990907915.71509","2778664862.6576","3390218705.8666","5796504830.05949","5967983333.33333","4859156252.43984","4001628000.4259","3053556560.74604","2589064022.49929","2662395810.08734","3214294005.58046","4828375372.24676","4683794388.35254","4554198489.15444","5340535509.64313","4721206334.733","4797169385.97468","4521128626.34707","4785386822.17375","5089871265.05829","6024901056.8263","6803166714.67018","7747081427.40674","9315595944.93143","10615043295.6623","19813526742.222","20400704413.7714","20000790765.4485","21203804765.2647","20980327470.4457","22510992273.7586","24857417485.8143","20963526026.3808","21795162218.0308","23807088856.684","25162529409.2356","26794839469.1437","29231992091.6078","32322148263.1811","34923573145.5404","35620074764.3982","",
"Ukraine","UKR","Households and NPISHs Final consumption expenditure (current US$)","NE.CON.PRVT.CD","","","","","","","","","","","","","","","","","","","","","","","","","","","","","","44538605559.6041","46496679482.6122","41883223517.5852","34011004036.8444","31535642548.9141","25472402683.8606","26580465207.5976","25898771829.4215","27189204408.1136","23809757619.9959","18064651918.6082","18596629960.5182","22764654418.1977","25441625794.9452","29813107385.9937","36703139687.9113","52788742585.2177","67749702970.297","90209702970.297","119047596446.02","79142216129.91","91471902892.7601","114905147282.802","126540649520.856","138841611409.984","95379954956.2245","61676934146.6749","62172918251.548","75254150849.1723","90798173797.7387","114453534024.703","114778493751.874","138061493307.109","104574992837.554","110513376129.716","118960079854.388","",
"Upper middle income","UMC","Households and NPISHs Final consumption expenditure (current US$)","NE.CON.PRVT.CD","103104701709.607","110290774982.589","118987409742.872","127108114545.112","140029925893.366","148090194588.4","161985478146.341","170945359246.343","182278270099.427","198325912905.073","213563273550.26","233257607106.307","265775982432.616","338919393939.467","428737758236.894","473430143947.267","512375472298.211","572145852291.052","638453995653.257","733250308455.293","855348037108.593","975782743420.169","967313462905.839","926722295057.789","983034405892.976","1011620290280.6","1071161373235.81","1049704233923.32","1137513615435.72","1233275649031.34","1449361800589.23","1452661215715.59","1552182600469.32","1673584509541.9","1868705803050.31","2146429753095","2375667231904.44","2530925851389.97","2447593343180.84","2367017083917.74","2566385719462.9","2538471527270.58","2505808487858.69","2750065102037.36","3159266762493.69","3712118179101.46","4252406247586.83","5113512060119.35","6014937944146.45","5938819083647.09","7154489560155.96","8477812506506.38","9049983079838.1","9624573683423.99","10011650078714.6","9634226939740.63","9750950522015.96","10632341415691.5","11186082496167.4","11437912657102.5","10722252309543","12607831230449.1","13217183156687.3","14260828639739.6","14921207539586.7","",
"Uruguay","URY","Households and NPISHs Final consumption expenditure (current US$)","NE.CON.PRVT.CD","925291295.407814","1028661860.38333","1198765976.20097","1070508160.97271","1409530549.65794","1236403294.77944","1169011906.60275","1049898773.37144","1114924970.79702","1377419354.83871","1736290322.58065","1868951612.90323","1515374628.52693","2151313314.16777","2929356386.51407","2497458069.32539","2389644208.93263","2820215208.03443","3278201438.84892","4905456091.85626","7703499586.66299","7512146386.65845","6192379692.01156","3527245400.11152","3350292223.28244","3242269366.12757","4030442304.8985","5160028733.33865","5653465622.70751","5890131331.11604","6533905551.50819","7853331304.58357","9299172642.79565","10893980399.3411","12734104070.3088","14059724838.5573","14799293336.9277","17954241205.0711","18928878781.2203","18209681946.8574","17460822579.8027","15858024762.4523","9982423259.16016","8395684885.39504","9413268215.35824","12055959364.5061","13943509272.782","16663970495.5365","21591049732.0748","21792708852.1823","28089771699.1267","33608572927.2461","36353342153.041","41099109093.3876","41265845093.9462","38548534913.7368","","","","","","","","","","",
"United States","USA","Households and NPISHs Final consumption expenditure (current US$)","NE.CON.PRVT.CD","","","","","","","","","","","646724000000","699937000000","768153000000","849575000000","930161000000","1030547000000","1147666000000","1273975000000","1422252000000","1585420000000","1750667000000","1933951000000","2071256000000","2281605000000","2492340000000","2712830000000","2886278000000","3076279000000","3330012000000","3576758000000","3808994000000","3943449000000","4197559000000","4451984000000","4720965000000","4962590000000","5244596000000","5536790000000","5877248000000","6283758000000","6767179000000","7073801000000","7348941000000","7740749000000","8231960000000","8769066000000","9277236000000","9746594000000","10050083000000","9891218000000","10260256000000","10698857000000","11047363000000","11388233000000","11874450000000","12297438000000","12726849000000","13290626000000","13934442000000","14417614000000","14206231000000","16042964000000","17511745000000","","","",
"Uzbekistan","UZB","Households and NPISHs Final consumption expenditure (current US$)","NE.CON.PRVT.CD","","","","","","","","","","","","","","","","","","","","","","","","","","","","","","","","","1663413283.20136","7271832793.9673","6434069132.69201","5873258861.26636","7423103792.41517","8964437735.84906","8827190939.88146","10684603658.5366","7764867492.28623","6592995208.22241","5610550953.79894","5653413840.67371","6293615580.84772","7154785523.02909","8584962917.99298","11436264127.6474","14611048680.6187","18168223686.9038","30614768172.7996","36849133780.7319","42138467706.9332","46915820612.5493","51189085083.4097","55944011637.6467","57103069045.5987","48850635895.9479","39466888428.5487","44010879440.068","42792810501.6571","50976004072.2493","61671604668.9508","70256428197.8448","78121781147.1554","",
"St. Vincent and the Grenadines","VCT","Households and NPISHs Final consumption expenditure (current US$)","NE.CON.PRVT.CD","","","","","","","","","","","","","","","","","","","","","","","","","","","","","","","","","","","","","","","","","","","","","","","","","","","","","","","","","","","","","","","","","","",
"Venezuela, RB","VEN","Households and NPISHs Final consumption expenditure (current US$)","NE.CON.PRVT.CD","4808568231.31492","4953440471.15383","5433674994.15872","5809533288.62857","4990919540.22989","5333044444.44444","5612600000","5849133333.33333","6279222222.22222","6515755555.55556","6687800000","7389613636.36364","8313318181.81818","9654372093.02326","12152372093.0233","15302976744.186","18386069767.4419","21761720930.2326","25790023255.814","30200860465.1163","36772139534.8837","43658488372.093","47776790697.6744","53132837209.3023","35350774346.7933","37071613333.3333","40356309278.3505","30054855172.4138","39891241379.3103","27260212346.8652","29208840234.5832","34419927848.6582","40720814038.7069","42368864874.6267","39601171043.771","52026817396.8799","43173853822.1903","44225544034.6833","52637652644.7152","56249208799.3727","60621662826.312","67488727415.4124","49737388233.2673","45809060553.2021","55344494889.9426","68027682258.6434","86226651141.1272","117778001397.299","162720879418.073","207372593024.34","219774405475.426","174577590515.935","","","","","","","","","","","","","","",
"British Virgin Islands","VGB","Households and NPISHs Final consumption expenditure (current US$)","NE.CON.PRVT.CD","","","","","","","","","","","","","","","","","","","","","","","","","","","","","","","","","","","","","","","","","","","","","","","","","","","","","","","","","","","","","","","","","","",
"Virgin Islands (U.S.)","VIR","Households and NPISHs Final consumption expenditure (current US$)","NE.CON.PRVT.CD","","","","","","","","","","","","","","","","","","","","","","","","","","","","","","","","","","","","","","","","","","","1651000000","1738000000","1872000000","2096000000","2280000000","2280000000","2311000000","2368000000","2428000000","2524000000","2528000000","2515000000","2493000000","2564000000","2582000000","2578000000","2657000000","2853000000","2770000000","2952000000","3221000000","","","",
"Viet Nam","VNM","Households and NPISHs Final consumption expenditure (current US$)","NE.CON.PRVT.CD","","","","","","","","","","","","","","","","","","","","","","","","","","","","","","","","","","","","15264307280.3658","18355510699.4003","19265447592.1263","19288589086.524","19690816746.6462","20716484150.2066","21197994362.9116","22824503419.6145","26206442254.0087","29563444684.3643","37743246437.8558","43200150053.9256","52724893473.3509","70257847843.0891","72613240487.5963","86016397397.6116","97489448121.9225","108951134209.07","121566006829.777","133107276297.371","141958257041.8","151010489245.505","163179276483.274","176999133892.917","190013330350.512","193990716426.122","203463215115.648","226068833757.588","235637302406.739","256646443225.925","",
"Vanuatu","VUT","Households and NPISHs Final consumption expenditure (current US$)","NE.CON.PRVT.CD","","","","","","","","","","","","","","","","","","","","","","","","61084843.5141391","73526151.3655145","74383205.0701675","76216892.6743621","77961565.4216242","94593300.5190278","89786456.6277727","100111054.16026","118239613.180516","121463595.315366","113660851.613328","128052918.68906","139691912.479596","143950447.103895","150081988.435315","199784343.325426","212380398.992834","193965079.296649","197347096.774194","188457716.659581","220215921.432708","252115573.843814","265218353.911952","276914039.502938","313508236.729713","344493876.38426","363028832.649264","429592303.282714","488246414.54413","489952772.905141","502377237.750218","529958963.20602","500453407.447366","523825766.3056","545024540.851025","539281986.111741","519974723.814089","652903449.471312","705913524.131473","795395617.124991","","","",
"World","WLD","Households and NPISHs Final consumption expenditure (current US$)","NE.CON.PRVT.CD","","","","","","","","","","","1769161135404.91","1957782388846.18","2250913471489.35","2705918832781.97","3096601169222.52","3511624466058.43","3800317322640.11","4304608618970.87","5073902010976.8","5862318130815.64","6625940103369.5","6813877057496.4","6879351363005.59","7106221159304.71","7324267926297.69","7714132460837.29","9137539854025.21","10358323219309.9","11516752575746.9","11958920028488.7","13475502520059","14091470597916.6","15107149333801","15466548010188.9","16638904690758.4","18393038727187.5","18879257905186.2","18873545774619","18910284265980.1","19696913016160.1","20333001756697.9","20378845626145.7","21140874304023.2","23558049533920.6","26213153688920.8","28201298916880.9","30175307918195.4","33661428725848.2","36754278099149","35406703290743.2","38071117842381.1","41923970039147.3","42792607701755.5","43958330460761.1","45120440102298.6","42935917865893.8","43899082464437.1","46496629772062.4","49016905310508.4","49762730973554","47639457715702.6","53936723822853.3","56475740414962.1","","","",
"Samoa","WSM","Households and NPISHs Final consumption expenditure (current US$)","NE.CON.PRVT.CD","","","","","","","","","","","","","","","","","","","","","","","","","","","","","","","","","","","","","","","","","","","","","","","","","","491112348.029881","513638321.339165","551232939.254636","580134260.621361","611215653.527234","584843473.5773","570512689.265332","569192350.690561","613189559.573384","593459968.669844","610961700.842362","627356412.030411","691501711.973085","771603406.48302","856738366.352446","891530722.749007","",
"Kosovo","XKX","Households and NPISHs Final consumption expenditure (current US$)","NE.CON.PRVT.CD","","","","","","","","","","","","","","","","","","","","","","","","","","","","","","","","","","","","","","","","","","","","","","","","","4919604511.49846","4783939983.3287","4992996238.94187","5548711467.20415","5386837081.06247","5802546002.69608","6267146964.10921","5356323560.7392","5463570140.60997","5689814345.67967","6288122192.50717","6326472709.43291","6551731550.73503","7812804705.18802","8020556744.84333","8806492111.09161","9396211458.30024","",
"Yemen, Rep.","YEM","Households and NPISHs Final consumption expenditure (current US$)","NE.CON.PRVT.CD","","","","","","","","","","","","","","","","","","","","","","","","","","","","","","","9731584344.55649","13009159034.1382","14741298917.5687","19457868442.9642","22431640299.7502","10670790123.4568","4666891477.62109","4692242846.09435","5098905417.27931","5258047616.05145","5836993788.81988","6443529551.24785","7206946718.10275","7897279014.64095","9185905990.42325","10734778999.6954","13232130702.8829","16138266685.5463","20623035097.681","20892808568.5529","24998175403.7069","27516054664.1721","31318710165.2464","34997523799.1531","37433742551.0726","42441806544.5748","34883537574.3279","31007438793.4271","26661519655.4294","","","","","","","",
"South Africa","ZAF","Households and NPISHs Final consumption expenditure (current US$)","NE.CON.PRVT.CD","5279397888.24084","5447397821.04087","5724597710.16092","6220197511.921","6908997236.40111","7418597032.56119","8063996774.40129","8769596492.1614","9714596114.16155","10970395611.8418","12375995049.602","13847545570.0857","14461608507.5937","18734536190.1784","22361316129.9058","24866532884.0256","23815355953.839","26159056539.7641","29115707278.9268","34778147390.2732","47867709935.6217","52792967926.5342","50078466333.1541","57208509110.4928","50106522368.3417","37485950172.1875","43391952497.8206","58651308696.863","64042687207.3854","65778591873.8754","80969852600.4311","87418856595.4989","95640834862.662","93934000787.0878","98962803966.8829","111113749498.564","105351379825.178","110344578601.126","100319044227.829","100072482520.619","99585998975.7671","88453779169.0057","80914205416.3714","121960709192.07","162872270710.079","183699704072.506","193148081258.808","211397379298.305","199280533959.681","204464148892.204","260299338238.89","288357662455.386","279326184070.452","256031197747.197","242809614317.067","220788691538.504","204768369554.28","240346972139.804","259239863544.65","249532768764.378","211713917263.423","259652139183.221","258499764640.829","244863716821.306","259302664003.006","",
"Zambia","ZMB","Households and NPISHs Final consumption expenditure (current US$)","NE.CON.PRVT.CD","","","","","","","","","","","","","","","","","","","","","","","","","","","","","","","","","","","","","","","","","","","","","","","","","","","10660169644.16","11822952743.432","12040613506.11","13243810838.3511","12218302437.0431","9901967679.50679","9325467374.01559","10335590344.103","11813311366.1613","9830978200.15516","6766873232.70766","7954037450.48265","10376725342.4542","12990626814.2053","12153389816.1609","",
"Zimbabwe","ZWE","Households and NPISHs Final consumption expenditure (current US$)","NE.CON.PRVT.CD","817815247.477093","814400905.069875","829062287.066335","871238210.283472","951372704.51857","985515728.38651","936667900.362912","988946179.014075","987323050.699232","1257855909.02749","1332342621.08639","1504369609.89932","1765126879.54917","2192542998.54302","2553177937.7652","2812709081.69858","2943301325.53245","2865264701.88268","3056787139.61308","3807693442.11737","4624299172.35362","5760894099.47685","5959639623.29255","5738461051.44377","4038373462.7455","3483971540.35647","3655455452.02627","3975379215.52128","3942355462.8398","5360047639.5114","5545944306.2984","5884250000","4381500000","4203250000","4239750000","4613000000","5425500000","6276500000","4175750000","4385750000","4010250000","4748000000","5090000000","4569500000","4739250000","5309500000","5634750000","5203750000","5275500000","9732000000","10814500000","11808250000","16091500000","16624000000","16309000000","17879250000","17135500000","40501195219.1235","26527941176.4706","21927614292.8429","21919818142.7947","26820382974.584","26949069764.9812","30155638987.5113","35055662121.6338","",
